departamento,ano,incidencia_pobreza,incidencia_pobreza_extrema,coeficiente_gini
Bogotá D.C.,2019,27.2,10.5,0.45
Bogotá D.C.,2020,35.8,15.1,0.453
Bogotá D.C.,2021,33.5,15.7,0.445
Bogotá D.C.,2022,30.2,13.1,0.48
Bogotá D.C.,2023,28.1,13.1,0.459
Bogotá D.C.,2024,26.5,11.0,0.48
Antioquia,2019,33.1,13.4,0.44
Antioquia,2020,40.2,17.0,0.451
Antioquia,2021,37.8,16.6,0.448
Antioquia,2022,35.1,14.4,0.494
Antioquia,2023,33.4,15.7,0.451
Antioquia,2024,31.8,12.5,0.535
Valle del Cauca,2019,30.8,11.8,0.549
Valle del Cauca,2020,39.5,17.3,0.472
Valle del Cauca,2021,36.2,16.8,0.532
Valle del Cauca,2022,33.7,14.0,0.536
Valle del Cauca,2023,31.5,12.6,0.513
Valle del Cauca,2024,29.9,12.9,0.537
Atlántico,2019,38.5,15.8,0.488
Atlántico,2020,46.1,21.1,0.502
Atlántico,2021,43.8,19.6,0.517
Atlántico,2022,41.2,18.4,0.547
Atlántico,2023,39.0,16.7,0.52
Atlántico,2024,37.4,15.6,0.444
Santander,2019,28.4,12.9,0.462
Santander,2020,35.6,16.4,0.55
Santander,2021,33.1,14.8,0.46
Santander,2022,30.8,12.7,0.487
Santander,2023,29.2,11.3,0.495
Santander,2024,27.6,12.1,0.48
Bolívar,2019,48.2,19.2,0.451
Bolívar,2020,55.8,24.7,0.442
Bolívar,2021,53.1,22.0,0.467
Bolívar,2022,50.4,21.8,0.527
Bolívar,2023,48.0,22.6,0.517
Bolívar,2024,46.1,22.1,0.556
Cundinamarca,2019,25.6,11.3,0.468
Cundinamarca,2020,33.4,14.3,0.461
Cundinamarca,2021,30.8,14.8,0.493
Cundinamarca,2022,28.2,12.8,0.445
Cundinamarca,2023,26.5,10.4,0.463
Cundinamarca,2024,24.9,10.1,0.482
Boyacá,2019,38.2,15.6,0.492
Boyacá,2020,44.1,18.6,0.453
Boyacá,2021,41.5,16.0,0.483
Boyacá,2022,39.0,15.2,0.492
Boyacá,2023,37.1,14.1,0.504
Boyacá,2024,35.5,13.8,0.523
Nariño,2019,50.1,21.1,0.558
Nariño,2020,57.3,23.3,0.497
Nariño,2021,55.2,25.1,0.48
Nariño,2022,52.8,21.9,0.517
Nariño,2023,50.5,24.1,0.546
Nariño,2024,48.7,20.5,0.526
Córdoba,2019,53.8,24.1,0.485
Córdoba,2020,60.2,24.3,0.449
Córdoba,2021,58.1,27.2,0.447
Córdoba,2022,55.5,24.0,0.505
Córdoba,2023,53.2,21.0,0.519
Córdoba,2024,51.4,24.2,0.533
Tolima,2019,36.5,15.3,0.455
Tolima,2020,43.8,20.9,0.502
Tolima,2021,41.2,18.3,0.536
Tolima,2022,38.6,16.2,0.447
Tolima,2023,36.4,14.3,0.52
Tolima,2024,34.8,14.4,0.545
Cauca,2019,54.6,24.8,0.558
Cauca,2020,61.5,27.5,0.476
Cauca,2021,59.2,27.2,0.443
Cauca,2022,56.8,24.5,0.545
Cauca,2023,54.5,23.5,0.456
Cauca,2024,52.7,22.7,0.505
Norte de Santander,2019,43.1,18.0,0.547
Norte de Santander,2020,50.4,20.9,0.473
Norte de Santander,2021,48.2,20.8,0.464
Norte de Santander,2022,45.6,18.8,0.488
Norte de Santander,2023,43.3,20.5,0.45
Norte de Santander,2024,41.5,16.6,0.464
Cesar,2019,49.5,23.7,0.547
Cesar,2020,56.8,22.7,0.508
Cesar,2021,54.1,21.0,0.478
Cesar,2022,51.5,21.3,0.505
Cesar,2023,49.2,23.3,0.537
Cesar,2024,47.3,20.5,0.534
Magdalena,2019,52.3,22.4,0.528
Magdalena,2020,59.1,27.0,0.471
Magdalena,2021,57.0,26.4,0.509
Magdalena,2022,54.2,23.2,0.487
Magdalena,2023,52.0,20.9,0.5
Magdalena,2024,50.1,19.7,0.516
Huila,2019,42.8,20.1,0.535
Huila,2020,49.5,21.8,0.499
Huila,2021,47.1,21.2,0.455
Huila,2022,44.6,17.2,0.543
Huila,2023,42.3,17.6,0.52
Huila,2024,40.5,17.1,0.483
La Guajira,2019,61.8,28.2,0.481
La Guajira,2020,67.4,30.7,0.538
La Guajira,2021,65.8,26.2,0.557
La Guajira,2022,63.5,24.5,0.49
La Guajira,2023,61.2,26.3,0.54
La Guajira,2024,59.5,23.7,0.507
Risaralda,2019,28.1,11.7,0.551
Risaralda,2020,35.2,13.8,0.472
Risaralda,2021,32.8,15.2,0.479
Risaralda,2022,30.5,14.5,0.446
Risaralda,2023,28.8,12.1,0.453
Risaralda,2024,27.2,11.9,0.556
Meta,2019,31.2,12.9,0.518
Meta,2020,38.5,15.7,0.493
Meta,2021,36.1,15.8,0.47
Meta,2022,33.8,15.2,0.5
Meta,2023,31.5,14.8,0.473
Meta,2024,29.8,14.2,0.462
Caldas,2019,29.5,11.3,0.519
Caldas,2020,36.8,16.7,0.497
Caldas,2021,34.2,13.1,0.56
Caldas,2022,31.8,12.5,0.544
Caldas,2023,30.1,14.1,0.467
Caldas,2024,28.5,13.3,0.496
Sucre,2019,52.1,24.5,0.547
Sucre,2020,58.4,26.7,0.475
Sucre,2021,56.5,24.7,0.558
Sucre,2022,54.0,22.3,0.486
Sucre,2023,51.8,23.2,0.448
Sucre,2024,50.0,20.3,0.46
Quindío,2019,30.2,12.7,0.491
Quindío,2020,37.5,16.5,0.5
Quindío,2021,35.1,13.9,0.446
Quindío,2022,32.8,14.2,0.532
Quindío,2023,31.0,14.7,0.541
Quindío,2024,29.4,12.1,0.544
Chocó,2019,63.4,27.1,0.474
Chocó,2020,68.2,26.5,0.493
Chocó,2021,66.8,29.0,0.474
Chocó,2022,64.5,25.8,0.553
Chocó,2023,62.3,24.1,0.553
Chocó,2024,60.8,25.6,0.535
Caquetá,2019,44.2,17.3,0.508
Caquetá,2020,51.5,23.5,0.492
Caquetá,2021,49.1,20.4,0.499
Caquetá,2022,46.8,18.7,0.465
Caquetá,2023,44.5,18.0,0.445
Caquetá,2024,42.8,20.2,0.449
