month,total_accounts,total_balance,ncl_rate,over_30_rate,over_90_rate,approval_rate,avg_credit_limit
2024-10,95937,1927354857.38,2.488,19.091,8.274,74.3,35466.0
2024-11,96893,1881992624.81,2.512,18.732,8.226,70.7,35743.0
2024-12,97992,2017006845.25,2.844,21.469,9.225,67.9,34938.0
2025-01,100140,1985948162.24,2.899,21.829,9.399,69.3,35261.0
2025-02,100197,2001603674.12,2.58,18.984,8.326,69.5,36312.0
2025-03,101575,2044306951.82,2.259,17.266,7.482,71.6,36051.0
2025-04,101350,2048919745.2,2.485,18.603,8.082,69.7,35140.0
2025-05,101832,2061547239.08,3.24,25.017,10.906,67.1,35269.0
2025-06,103780,2152747491.31,3.61,26.914,11.969,62.8,35716.0
2025-07,104072,2185290158.9,4.344,32.921,14.241,61.5,37031.0
2025-08,105860,2161301848.29,4.115,30.144,13.239,62.5,37382.0
2025-09,106314,2171542241.36,3.418,25.269,11.173,64.6,37197.0
2025-10,107718,2219603882.53,2.533,19.716,8.497,69.9,37232.0
2025-11,108565,2184340004.68,2.643,19.642,8.653,73.0,37641.0
2025-12,110185,2214445586.81,2.882,22.443,9.77,70.0,36623.0
2026-01,110459,2250178783.79,2.595,20.192,8.672,68.8,37564.0
2026-02,111922,2253038772.01,2.634,20.283,8.796,71.2,37235.0
2026-03,113318,2272982878.61,2.479,19.172,8.212,75.6,38733.0
2026-04,113112,2237481819.68,2.318,17.356,7.7,73.5,38186.0
2026-05,115349,2280818610.32,2.357,17.704,7.83,72.6,37849.0
2026-06,116111,2331909303.96,2.093,15.764,6.835,73.3,38629.0
2026-07,115554,2284860886.23,2.308,17.429,7.633,71.0,38842.0
2026-08,117714,2365365758.33,2.374,17.955,7.605,72.4,37896.0
2026-09,118867,2352650302.26,2.432,18.502,8.044,70.7,38818.0
