month,partner,delinquency_band,accounts,balance
2024-10,BradesCard,Current,9326,178118317.56
2024-10,BradesCard,1-29,970,21628923.16
2024-10,BradesCard,30-59,693,15711298.27
2024-10,BradesCard,60-89,415,10319164.12
2024-10,BradesCard,90-119,277,8183118.03
2024-10,BradesCard,120+,221,6792612.55
2024-10,BradesCard,Write-off,194,6028174.85
2024-10,CrediMax,Current,9733,209139757.54
2024-10,CrediMax,1-29,831,20723559.04
2024-10,CrediMax,30-59,593,14629479.45
2024-10,CrediMax,60-89,356,9732870.16
2024-10,CrediMax,90-119,237,7499769.23
2024-10,CrediMax,120+,189,6315891.86
2024-10,CrediMax,Write-off,166,6380136.29
2024-10,FinanzaPlus,Current,8035,129357365.89
2024-10,FinanzaPlus,1-29,1323,21975490.28
2024-10,FinanzaPlus,30-59,945,17636347.16
2024-10,FinanzaPlus,60-89,567,10742811.13
2024-10,FinanzaPlus,90-119,378,8163187.9
2024-10,FinanzaPlus,120+,302,7288198.35
2024-10,FinanzaPlus,Write-off,264,6419217.63
2024-10,NovaPay,Current,9403,185317203.67
2024-10,NovaPay,1-29,934,20292166.75
2024-10,NovaPay,30-59,667,18073582.24
2024-10,NovaPay,60-89,400,10872657.51
2024-10,NovaPay,90-119,267,7485234.95
2024-10,NovaPay,120+,213,7096323.31
2024-10,NovaPay,Write-off,186,6007827.7
2024-10,SolCredito,Current,7306,81849763.64
2024-10,SolCredito,1-29,1657,22489285.77
2024-10,SolCredito,30-59,1183,18253002.84
2024-10,SolCredito,60-89,710,11686483.93
2024-10,SolCredito,90-119,473,8351904.95
2024-10,SolCredito,120+,378,7148335.49
2024-10,SolCredito,Write-off,331,6326788.72
2024-10,AztecaFin,Current,8754,147467238.37
2024-10,AztecaFin,1-29,1085,19777251.96
2024-10,AztecaFin,30-59,775,14020574.73
2024-10,AztecaFin,60-89,465,10282360.56
2024-10,AztecaFin,90-119,310,7199459.4
2024-10,AztecaFin,120+,248,6133917.88
2024-10,AztecaFin,Write-off,217,6154481.65
2024-10,LinkPago,Current,10430,249808701.54
2024-10,LinkPago,1-29,621,17119170.76
2024-10,LinkPago,30-59,443,13960462.04
2024-10,LinkPago,60-89,266,9485141.51
2024-10,LinkPago,90-119,177,6392094.4
2024-10,LinkPago,120+,142,5627272.85
2024-10,LinkPago,Write-off,124,5037051.1
2024-10,MetroBank,Current,9696,217423608.48
2024-10,MetroBank,1-29,722,16920298.22
2024-10,MetroBank,30-59,515,14083498.91
2024-10,MetroBank,60-89,309,8984612.62
2024-10,MetroBank,90-119,206,6195961.68
2024-10,MetroBank,120+,165,5644178.86
2024-10,MetroBank,Write-off,144,5601267.94
2024-11,BradesCard,Current,9834,158098619.65
2024-11,BradesCard,1-29,797,17192478.32
2024-11,BradesCard,30-59,569,13109670.66
2024-11,BradesCard,60-89,341,8451292.42
2024-11,BradesCard,90-119,227,6243775.85
2024-11,BradesCard,120+,182,4851828.44
2024-11,BradesCard,Write-off,159,5003809.82
2024-11,CrediMax,Current,10246,219570783.68
2024-11,CrediMax,1-29,680,16077876.4
2024-11,CrediMax,30-59,486,12925463.25
2024-11,CrediMax,60-89,291,9105227.5
2024-11,CrediMax,90-119,194,6420470.12
2024-11,CrediMax,120+,155,5311481.42
2024-11,CrediMax,Write-off,136,5278309.87
2024-11,FinanzaPlus,Current,9259,134009767.8
2024-11,FinanzaPlus,1-29,1007,16640437.14
2024-11,FinanzaPlus,30-59,719,13111209.04
2024-11,FinanzaPlus,60-89,431,8149009.56
2024-11,FinanzaPlus,90-119,287,6465735.04
2024-11,FinanzaPlus,120+,230,5592051.26
2024-11,FinanzaPlus,Write-off,201,5187125.87
2024-11,NovaPay,Current,9015,176507882.42
2024-11,NovaPay,1-29,1069,23535274.76
2024-11,NovaPay,30-59,764,18187154.61
2024-11,NovaPay,60-89,458,12357138.36
2024-11,NovaPay,90-119,305,9210388.56
2024-11,NovaPay,120+,244,8544366.98
2024-11,NovaPay,Write-off,213,7391158.33
2024-11,SolCredito,Current,8296,90001124.4
2024-11,SolCredito,1-29,1356,18200479.71
2024-11,SolCredito,30-59,968,14447217.32
2024-11,SolCredito,60-89,581,10649733.23
2024-11,SolCredito,90-119,387,6807014.0
2024-11,SolCredito,120+,309,6022251.0
2024-11,SolCredito,Write-off,271,5583732.09
2024-11,AztecaFin,Current,9344,155124849.81
2024-11,AztecaFin,1-29,889,16560971.75
2024-11,AztecaFin,30-59,635,12025558.65
2024-11,AztecaFin,60-89,381,8872057.52
2024-11,AztecaFin,90-119,254,5593132.92
2024-11,AztecaFin,120+,203,5349288.95
2024-11,AztecaFin,Write-off,177,5404529.85
2024-11,LinkPago,Current,9693,243532400.85
2024-11,LinkPago,1-29,779,21262909.45
2024-11,LinkPago,30-59,556,15899638.26
2024-11,LinkPago,60-89,334,11394930.06
2024-11,LinkPago,90-119,222,7777711.86
2024-11,LinkPago,120+,178,7288598.91
2024-11,LinkPago,Write-off,155,6358601.87
2024-11,MetroBank,Current,9647,199324726.18
2024-11,MetroBank,1-29,973,23815825.45
2024-11,MetroBank,30-59,695,16984003.19
2024-11,MetroBank,60-89,417,12044966.93
2024-11,MetroBank,90-119,278,9204941.36
2024-11,MetroBank,120+,222,6859673.05
2024-11,MetroBank,Write-off,194,7071969.06
2024-12,BradesCard,Current,9383,162849664.62
2024-12,BradesCard,1-29,1017,19680991.07
2024-12,BradesCard,30-59,726,17089072.22
2024-12,BradesCard,60-89,436,11132652.53
2024-12,BradesCard,90-119,290,8039648.17
2024-12,BradesCard,120+,232,6986156.46
2024-12,BradesCard,Write-off,203,6239830.38
2024-12,CrediMax,Current,9669,205120229.75
2024-12,CrediMax,1-29,915,24648850.29
2024-12,CrediMax,30-59,654,18263805.5
2024-12,CrediMax,60-89,392,11030021.51
2024-12,CrediMax,90-119,261,8777134.88
2024-12,CrediMax,120+,209,6998273.09
2024-12,CrediMax,Write-off,183,7197237.02
2024-12,FinanzaPlus,Current,8330,130968692.37
2024-12,FinanzaPlus,1-29,1449,24845620.43
2024-12,FinanzaPlus,30-59,1035,20042274.01
2024-12,FinanzaPlus,60-89,621,13869866.61
2024-12,FinanzaPlus,90-119,414,9078034.35
2024-12,FinanzaPlus,120+,331,7644616.0
2024-12,FinanzaPlus,Write-off,289,7124580.13
2024-12,NovaPay,Current,9152,186162222.87
2024-12,NovaPay,1-29,1023,23232221.25
2024-12,NovaPay,30-59,730,18852766.28
2024-12,NovaPay,60-89,438,11921344.97
2024-12,NovaPay,90-119,292,9271359.29
2024-12,NovaPay,120+,233,7357335.93
2024-12,NovaPay,Write-off,204,7972052.96
2024-12,SolCredito,Current,7683,87259399.76
2024-12,SolCredito,1-29,1638,22545794.76
2024-12,SolCredito,30-59,1170,17215080.11
2024-12,SolCredito,60-89,702,11865642.33
2024-12,SolCredito,90-119,468,8508349.98
2024-12,SolCredito,120+,374,7154651.51
2024-12,SolCredito,Write-off,327,6463517.6
2024-12,AztecaFin,Current,8402,140188370.14
2024-12,AztecaFin,1-29,1236,22386219.4
2024-12,AztecaFin,30-59,883,16427532.56
2024-12,AztecaFin,60-89,530,11632663.05
2024-12,AztecaFin,90-119,353,8520084.17
2024-12,AztecaFin,120+,282,6900162.82
2024-12,AztecaFin,Write-off,247,6849686.86
2024-12,LinkPago,Current,9506,241901408.31
2024-12,LinkPago,1-29,960,27633694.4
2024-12,LinkPago,30-59,686,22417608.39
2024-12,LinkPago,60-89,411,14710291.49
2024-12,LinkPago,90-119,274,9439659.4
2024-12,LinkPago,120+,219,8349232.63
2024-12,LinkPago,Write-off,192,8468606.56
2024-12,MetroBank,Current,9655,241813028.67
2024-12,MetroBank,1-29,940,22739885.21
2024-12,MetroBank,30-59,671,18464917.84
2024-12,MetroBank,60-89,402,12028770.44
2024-12,MetroBank,90-119,268,8600726.22
2024-12,MetroBank,120+,214,7077054.4
2024-12,MetroBank,Write-off,188,7048251.3
2025-01,BradesCard,Current,9067,163668768.06
2025-01,BradesCard,1-29,1098,22843694.13
2025-01,BradesCard,30-59,784,20066412.09
2025-01,BradesCard,60-89,470,10721160.78
2025-01,BradesCard,90-119,313,8864000.43
2025-01,BradesCard,120+,251,6830508.31
2025-01,BradesCard,Write-off,219,6804145.25
2025-01,CrediMax,Current,9955,207208155.81
2025-01,CrediMax,1-29,917,21786769.93
2025-01,CrediMax,30-59,655,18475566.22
2025-01,CrediMax,60-89,393,11329157.01
2025-01,CrediMax,90-119,262,8623047.38
2025-01,CrediMax,120+,209,7373563.15
2025-01,CrediMax,Write-off,183,6699112.5
2025-01,FinanzaPlus,Current,9395,126655339.05
2025-01,FinanzaPlus,1-29,1187,20127509.87
2025-01,FinanzaPlus,30-59,848,15250888.72
2025-01,FinanzaPlus,60-89,508,10804896.86
2025-01,FinanzaPlus,90-119,339,7227582.37
2025-01,FinanzaPlus,120+,271,6466687.71
2025-01,FinanzaPlus,Write-off,237,6268989.76
2025-01,NovaPay,Current,9244,181787870.58
2025-01,NovaPay,1-29,1151,25170138.5
2025-01,NovaPay,30-59,822,19719674.58
2025-01,NovaPay,60-89,493,14593301.76
2025-01,NovaPay,90-119,328,9905394.32
2025-01,NovaPay,120+,263,7885420.03
2025-01,NovaPay,Write-off,230,8275106.19
2025-01,SolCredito,Current,9159,101558454.29
2025-01,SolCredito,1-29,1268,16629306.08
2025-01,SolCredito,30-59,906,14335259.2
2025-01,SolCredito,60-89,543,8548200.15
2025-01,SolCredito,90-119,362,6571788.42
2025-01,SolCredito,120+,289,5763714.47
2025-01,SolCredito,Write-off,253,4979902.16
2025-01,AztecaFin,Current,7573,114961849.91
2025-01,AztecaFin,1-29,1671,29566170.92
2025-01,AztecaFin,30-59,1193,22192423.51
2025-01,AztecaFin,60-89,716,16851821.47
2025-01,AztecaFin,90-119,477,10487661.91
2025-01,AztecaFin,120+,381,9538999.1
2025-01,AztecaFin,Write-off,334,9251766.28
2025-01,LinkPago,Current,9863,260915355.11
2025-01,LinkPago,1-29,974,27285953.8
2025-01,LinkPago,30-59,696,20517148.47
2025-01,LinkPago,60-89,417,14505585.15
2025-01,LinkPago,90-119,278,10388376.4
2025-01,LinkPago,120+,222,8613503.71
2025-01,LinkPago,Write-off,194,8371114.45
2025-01,MetroBank,Current,9613,208556315.28
2025-01,MetroBank,1-29,934,23709735.49
2025-01,MetroBank,30-59,667,16293718.94
2025-01,MetroBank,60-89,400,12642388.66
2025-01,MetroBank,90-119,266,7460357.18
2025-01,MetroBank,120+,213,7102485.22
2025-01,MetroBank,Write-off,186,6915945.16
2025-02,BradesCard,Current,9355,171266540.12
2025-02,BradesCard,1-29,1113,22492896.4
2025-02,BradesCard,30-59,795,17699878.91
2025-02,BradesCard,60-89,477,12511137.33
2025-02,BradesCard,90-119,318,8862263.84
2025-02,BradesCard,120+,254,7257921.42
2025-02,BradesCard,Write-off,222,7381780.48
2025-02,CrediMax,Current,10340,234641398.45
2025-02,CrediMax,1-29,770,18186382.17
2025-02,CrediMax,30-59,550,14583752.18
2025-02,CrediMax,60-89,330,10242523.91
2025-02,CrediMax,90-119,220,7381810.21
2025-02,CrediMax,120+,176,6188725.52
2025-02,CrediMax,Write-off,154,5861545.45
2025-02,FinanzaPlus,Current,8939,137752877.62
2025-02,FinanzaPlus,1-29,1328,22084850.05
2025-02,FinanzaPlus,30-59,948,17440883.54
2025-02,FinanzaPlus,60-89,569,12245308.11
2025-02,FinanzaPlus,90-119,379,8761044.4
2025-02,FinanzaPlus,120+,303,7567792.1
2025-02,FinanzaPlus,Write-off,265,7283277.93
2025-02,NovaPay,Current,10029,197468334.7
2025-02,NovaPay,1-29,858,19530710.9
2025-02,NovaPay,30-59,613,15103475.66
2025-02,NovaPay,60-89,368,10058144.54
2025-02,NovaPay,90-119,245,7467803.94
2025-02,NovaPay,120+,196,6015405.99
2025-02,NovaPay,Write-off,171,6497812.95
2025-02,SolCredito,Current,7739,98245572.03
2025-02,SolCredito,1-29,1588,22187531.76
2025-02,SolCredito,30-59,1134,17400487.39
2025-02,SolCredito,60-89,680,11446256.36
2025-02,SolCredito,90-119,453,8040353.56
2025-02,SolCredito,120+,363,6656924.8
2025-02,SolCredito,Write-off,317,6567679.01
2025-02,AztecaFin,Current,9629,152931187.58
2025-02,AztecaFin,1-29,950,16321336.79
2025-02,AztecaFin,30-59,678,13235363.6
2025-02,AztecaFin,60-89,407,9039172.65
2025-02,AztecaFin,90-119,271,6236401.09
2025-02,AztecaFin,120+,217,5326820.06
2025-02,AztecaFin,Write-off,190,5292509.58
2025-02,LinkPago,Current,10202,249043084.01
2025-02,LinkPago,1-29,814,23056444.11
2025-02,LinkPago,30-59,581,16706927.65
2025-02,LinkPago,60-89,348,10999344.43
2025-02,LinkPago,90-119,232,8275643.74
2025-02,LinkPago,120+,186,7360597.66
2025-02,LinkPago,Write-off,162,7074289.11
2025-02,MetroBank,Current,10419,217049280.48
2025-02,MetroBank,1-29,824,19362052.84
2025-02,MetroBank,30-59,588,14544007.58
2025-02,MetroBank,60-89,353,10072347.82
2025-02,MetroBank,90-119,235,7198384.75
2025-02,MetroBank,120+,188,6418727.43
2025-02,MetroBank,Write-off,164,5678667.43
2025-03,BradesCard,Current,10492,193046471.88
2025-03,BradesCard,1-29,773,16338261.99
2025-03,BradesCard,30-59,552,13099840.53
2025-03,BradesCard,60-89,331,8160892.6
2025-03,BradesCard,90-119,221,6118778.96
2025-03,BradesCard,120+,176,5212880.07
2025-03,BradesCard,Write-off,154,4924212.01
2025-03,CrediMax,Current,10212,230258114.41
2025-03,CrediMax,1-29,781,20640118.77
2025-03,CrediMax,30-59,558,15952352.54
2025-03,CrediMax,60-89,334,11069147.76
2025-03,CrediMax,90-119,223,6982299.07
2025-03,CrediMax,120+,178,6538880.61
2025-03,CrediMax,Write-off,156,5957153.76
2025-03,FinanzaPlus,Current,9236,132723246.8
2025-03,FinanzaPlus,1-29,1330,21674358.54
2025-03,FinanzaPlus,30-59,950,15793538.13
2025-03,FinanzaPlus,60-89,570,11322326.03
2025-03,FinanzaPlus,90-119,380,8115797.84
2025-03,FinanzaPlus,120+,304,7350863.65
2025-03,FinanzaPlus,Write-off,266,6980070.15
2025-03,NovaPay,Current,10712,208060208.04
2025-03,NovaPay,1-29,791,16922476.47
2025-03,NovaPay,30-59,565,14356638.57
2025-03,NovaPay,60-89,339,8612119.68
2025-03,NovaPay,90-119,226,7302186.33
2025-03,NovaPay,120+,180,6099678.75
2025-03,NovaPay,Write-off,158,5307696.82
2025-03,SolCredito,Current,9326,111271080.84
2025-03,SolCredito,1-29,1025,14628607.88
2025-03,SolCredito,30-59,732,10023821.94
2025-03,SolCredito,60-89,439,6949769.48
2025-03,SolCredito,90-119,293,5205044.33
2025-03,SolCredito,120+,234,4503353.72
2025-03,SolCredito,Write-off,205,4135984.15
2025-03,AztecaFin,Current,9181,145850251.16
2025-03,AztecaFin,1-29,1239,22336425.47
2025-03,AztecaFin,30-59,885,18010036.14
2025-03,AztecaFin,60-89,531,11965679.84
2025-03,AztecaFin,90-119,354,7911342.01
2025-03,AztecaFin,120+,283,6689082.48
2025-03,AztecaFin,Write-off,247,7231686.58
2025-03,LinkPago,Current,10440,281242533.28
2025-03,LinkPago,1-29,778,21909992.81
2025-03,LinkPago,30-59,556,18252318.31
2025-03,LinkPago,60-89,333,11360222.21
2025-03,LinkPago,90-119,222,9060349.17
2025-03,LinkPago,120+,178,7744901.34
2025-03,LinkPago,Write-off,155,6582032.7
2025-03,MetroBank,Current,10561,236957823.77
2025-03,MetroBank,1-29,781,17482880.26
2025-03,MetroBank,30-59,558,15028747.36
2025-03,MetroBank,60-89,334,10043857.68
2025-03,MetroBank,90-119,223,6321362.9
2025-03,MetroBank,120+,178,5626958.37
2025-03,MetroBank,Write-off,156,5060194.88
2025-04,BradesCard,Current,9887,196649268.86
2025-04,BradesCard,1-29,972,20214452.85
2025-04,BradesCard,30-59,694,17216767.29
2025-04,BradesCard,60-89,416,9744314.26
2025-04,BradesCard,90-119,277,6938315.24
2025-04,BradesCard,120+,222,6552949.25
2025-04,BradesCard,Write-off,194,6291623.34
2025-04,CrediMax,Current,9528,208681950.69
2025-04,CrediMax,1-29,1114,25658643.44
2025-04,CrediMax,30-59,796,22441972.95
2025-04,CrediMax,60-89,477,14533441.58
2025-04,CrediMax,90-119,318,9867500.48
2025-04,CrediMax,120+,254,8711080.93
2025-04,CrediMax,Write-off,222,7955584.9
2025-04,FinanzaPlus,Current,9611,137059640.23
2025-04,FinanzaPlus,1-29,1083,18652941.2
2025-04,FinanzaPlus,30-59,773,13996603.1
2025-04,FinanzaPlus,60-89,464,9090349.15
2025-04,FinanzaPlus,90-119,309,6823089.66
2025-04,FinanzaPlus,120+,247,5621154.18
2025-04,FinanzaPlus,Write-off,216,5418531.16
2025-04,NovaPay,Current,10385,208066211.99
2025-04,NovaPay,1-29,732,15823137.04
2025-04,NovaPay,30-59,523,13109170.25
2025-04,NovaPay,60-89,314,8492831.43
2025-04,NovaPay,90-119,209,6118049.68
2025-04,NovaPay,120+,167,5508105.34
2025-04,NovaPay,Write-off,146,5212625.34
2025-04,SolCredito,Current,8239,97508309.44
2025-04,SolCredito,1-29,1530,18196456.74
2025-04,SolCredito,30-59,1093,15031698.75
2025-04,SolCredito,60-89,656,11437602.33
2025-04,SolCredito,90-119,437,8399459.59
2025-04,SolCredito,120+,349,6617362.97
2025-04,SolCredito,Write-off,306,6497912.08
2025-04,AztecaFin,Current,10864,183554449.47
2025-04,AztecaFin,1-29,671,11947413.9
2025-04,AztecaFin,30-59,479,9049317.76
2025-04,AztecaFin,60-89,287,5743497.5
2025-04,AztecaFin,90-119,191,4568892.08
2025-04,AztecaFin,120+,153,3768676.27
2025-04,AztecaFin,Write-off,134,3425439.17
2025-04,LinkPago,Current,10027,271821211.47
2025-04,LinkPago,1-29,897,26223163.21
2025-04,LinkPago,30-59,640,19832091.14
2025-04,LinkPago,60-89,384,14022107.53
2025-04,LinkPago,90-119,256,9508641.63
2025-04,LinkPago,120+,205,7846873.48
2025-04,LinkPago,Write-off,179,8283174.3
2025-04,MetroBank,Current,9803,203903815.44
2025-04,MetroBank,1-29,1058,23794708.76
2025-04,MetroBank,30-59,755,18300894.04
2025-04,MetroBank,60-89,453,13536809.44
2025-04,MetroBank,90-119,302,10282264.5
2025-04,MetroBank,120+,241,7531347.96
2025-04,MetroBank,Write-off,211,7835848.44
2025-05,BradesCard,Current,8741,156918743.36
2025-05,BradesCard,1-29,1388,27516968.92
2025-05,BradesCard,30-59,991,22788693.42
2025-05,BradesCard,60-89,595,14348225.53
2025-05,BradesCard,90-119,396,10989101.14
2025-05,BradesCard,120+,317,9359630.29
2025-05,BradesCard,Write-off,277,8708833.92
2025-05,CrediMax,Current,9222,210546839.67
2025-05,CrediMax,1-29,1202,30359070.23
2025-05,CrediMax,30-59,858,22262195.37
2025-05,CrediMax,60-89,515,15485329.58
2025-05,CrediMax,90-119,343,11587657.58
2025-05,CrediMax,120+,274,8839746.0
2025-05,CrediMax,Write-off,240,9328329.0
2025-05,FinanzaPlus,Current,8700,125519734.0
2025-05,FinanzaPlus,1-29,1402,21428026.45
2025-05,FinanzaPlus,30-59,1001,17103471.92
2025-05,FinanzaPlus,60-89,601,12289877.03
2025-05,FinanzaPlus,90-119,400,8995316.79
2025-05,FinanzaPlus,120+,320,7332742.42
2025-05,FinanzaPlus,Write-off,280,7454659.6
2025-05,NovaPay,Current,9013,169345110.99
2025-05,NovaPay,1-29,1222,26480671.03
2025-05,NovaPay,30-59,873,21701710.01
2025-05,NovaPay,60-89,524,13639635.02
2025-05,NovaPay,90-119,349,10131769.37
2025-05,NovaPay,120+,279,9377209.11
2025-05,NovaPay,Write-off,244,8151490.02
2025-05,SolCredito,Current,7434,91571138.56
2025-05,SolCredito,1-29,1950,28097031.52
2025-05,SolCredito,30-59,1393,18166247.41
2025-05,SolCredito,60-89,835,13084227.45
2025-05,SolCredito,90-119,557,10177749.11
2025-05,SolCredito,120+,445,8457259.01
2025-05,SolCredito,Write-off,390,8198978.79
2025-05,AztecaFin,Current,8719,138418120.15
2025-05,AztecaFin,1-29,1399,26533899.49
2025-05,AztecaFin,30-59,999,20072293.09
2025-05,AztecaFin,60-89,599,13254259.71
2025-05,AztecaFin,90-119,399,9253742.73
2025-05,AztecaFin,120+,319,7967300.63
2025-05,AztecaFin,Write-off,279,7512019.18
2025-05,LinkPago,Current,9734,246875835.57
2025-05,LinkPago,1-29,1114,34428795.09
2025-05,LinkPago,30-59,795,25718443.42
2025-05,LinkPago,60-89,477,15953627.52
2025-05,LinkPago,90-119,318,12472674.15
2025-05,LinkPago,120+,254,9952697.71
2025-05,LinkPago,Write-off,222,8573203.16
2025-05,MetroBank,Current,8688,179241353.39
2025-05,MetroBank,1-29,1382,32534574.14
2025-05,MetroBank,30-59,987,27855826.0
2025-05,MetroBank,60-89,592,17183896.56
2025-05,MetroBank,90-119,394,12111370.0
2025-05,MetroBank,120+,315,11022921.43
2025-05,MetroBank,Write-off,276,8866966.34
2025-06,BradesCard,Current,8699,149033944.88
2025-06,BradesCard,1-29,1507,33010728.29
2025-06,BradesCard,30-59,1076,25101202.79
2025-06,BradesCard,60-89,646,15915868.8
2025-06,BradesCard,90-119,430,12145899.7
2025-06,BradesCard,120+,344,11338455.15
2025-06,BradesCard,Write-off,301,9664914.11
2025-06,CrediMax,Current,8777,184889007.57
2025-06,CrediMax,1-29,1481,38006864.09
2025-06,CrediMax,30-59,1057,27600702.86
2025-06,CrediMax,60-89,634,19037158.0
2025-06,CrediMax,90-119,423,13443944.07
2025-06,CrediMax,120+,338,12182535.52
2025-06,CrediMax,Write-off,296,11387501.46
2025-06,FinanzaPlus,Current,7713,114133840.97
2025-06,FinanzaPlus,1-29,1908,30485715.82
2025-06,FinanzaPlus,30-59,1363,24788618.31
2025-06,FinanzaPlus,60-89,818,17002004.44
2025-06,FinanzaPlus,90-119,545,12556940.26
2025-06,FinanzaPlus,120+,436,9981523.1
2025-06,FinanzaPlus,Write-off,381,10257202.61
2025-06,NovaPay,Current,8955,195906706.5
2025-06,NovaPay,1-29,1496,32213900.72
2025-06,NovaPay,30-59,1068,24838078.88
2025-06,NovaPay,60-89,641,15884582.84
2025-06,NovaPay,90-119,427,13584640.16
2025-06,NovaPay,120+,342,11302068.89
2025-06,NovaPay,Write-off,299,10257013.92
2025-06,SolCredito,Current,7158,96400015.6
2025-06,SolCredito,1-29,2049,27716488.26
2025-06,SolCredito,30-59,1464,21903474.56
2025-06,SolCredito,60-89,878,14848934.05
2025-06,SolCredito,90-119,585,10639474.68
2025-06,SolCredito,120+,468,9086186.61
2025-06,SolCredito,Write-off,409,8108110.22
2025-06,AztecaFin,Current,9052,154574993.81
2025-06,AztecaFin,1-29,1400,27086493.3
2025-06,AztecaFin,30-59,1000,19332874.05
2025-06,AztecaFin,60-89,600,12409985.97
2025-06,AztecaFin,90-119,400,9412427.31
2025-06,AztecaFin,120+,320,8214824.92
2025-06,AztecaFin,Write-off,280,8127170.11
2025-06,LinkPago,Current,9312,230960788.06
2025-06,LinkPago,1-29,1158,31731940.41
2025-06,LinkPago,30-59,827,24339634.01
2025-06,LinkPago,60-89,496,15468624.85
2025-06,LinkPago,90-119,330,12712545.64
2025-06,LinkPago,120+,264,10598711.89
2025-06,LinkPago,Write-off,231,9292340.92
2025-06,MetroBank,Current,8479,192918215.19
2025-06,MetroBank,1-29,1477,34288142.28
2025-06,MetroBank,30-59,1055,25407467.81
2025-06,MetroBank,60-89,633,17856346.95
2025-06,MetroBank,90-119,422,12936911.16
2025-06,MetroBank,120+,337,9796330.66
2025-06,MetroBank,Write-off,295,10626473.32
2025-07,BradesCard,Current,7818,158004003.34
2025-07,BradesCard,1-29,1825,39943996.5
2025-07,BradesCard,30-59,1303,29488954.83
2025-07,BradesCard,60-89,782,18586568.5
2025-07,BradesCard,90-119,521,16100426.31
2025-07,BradesCard,120+,417,12379747.25
2025-07,BradesCard,Write-off,365,11622388.95
2025-07,CrediMax,Current,8155,178115014.92
2025-07,CrediMax,1-29,1721,41189120.51
2025-07,CrediMax,30-59,1229,32610389.73
2025-07,CrediMax,60-89,737,22014927.82
2025-07,CrediMax,90-119,491,15552574.5
2025-07,CrediMax,120+,393,13340538.83
2025-07,CrediMax,Write-off,344,13086229.9
2025-07,FinanzaPlus,Current,7786,101309661.8
2025-07,FinanzaPlus,1-29,1834,32492731.8
2025-07,FinanzaPlus,30-59,1310,25884105.59
2025-07,FinanzaPlus,60-89,786,14372121.58
2025-07,FinanzaPlus,90-119,524,11433479.19
2025-07,FinanzaPlus,120+,419,9869239.53
2025-07,FinanzaPlus,Write-off,366,8778257.43
2025-07,NovaPay,Current,7353,159944444.57
2025-07,NovaPay,1-29,1949,45700073.65
2025-07,NovaPay,30-59,1392,36716405.82
2025-07,NovaPay,60-89,835,23531530.8
2025-07,NovaPay,90-119,557,15556454.88
2025-07,NovaPay,120+,445,13866541.57
2025-07,NovaPay,Write-off,389,13709030.73
2025-07,SolCredito,Current,7059,83690125.81
2025-07,SolCredito,1-29,2021,26653191.36
2025-07,SolCredito,30-59,1443,22235120.93
2025-07,SolCredito,60-89,866,14447061.33
2025-07,SolCredito,90-119,577,10062569.6
2025-07,SolCredito,120+,462,9384585.95
2025-07,SolCredito,Write-off,404,7887834.43
2025-07,AztecaFin,Current,7662,120694604.15
2025-07,AztecaFin,1-29,1939,35313485.25
2025-07,AztecaFin,30-59,1385,25759470.04
2025-07,AztecaFin,60-89,831,18917998.7
2025-07,AztecaFin,90-119,554,12997436.03
2025-07,AztecaFin,120+,443,11044395.14
2025-07,AztecaFin,Write-off,387,11208850.0
2025-07,LinkPago,Current,7885,181782473.71
2025-07,LinkPago,1-29,1768,51003995.83
2025-07,LinkPago,30-59,1263,36646367.48
2025-07,LinkPago,60-89,758,28033227.78
2025-07,LinkPago,90-119,505,16739957.45
2025-07,LinkPago,120+,404,17530736.75
2025-07,LinkPago,Write-off,353,15339151.71
2025-07,MetroBank,Current,7782,166683381.1
2025-07,MetroBank,1-29,1847,43359694.72
2025-07,MetroBank,30-59,1319,36241502.25
2025-07,MetroBank,60-89,791,22719985.61
2025-07,MetroBank,90-119,527,16502250.83
2025-07,MetroBank,120+,422,13921413.49
2025-07,MetroBank,Write-off,369,13290330.64
2025-08,BradesCard,Current,7749,133692942.83
2025-08,BradesCard,1-29,1928,41432761.65
2025-08,BradesCard,30-59,1377,31858248.12
2025-08,BradesCard,60-89,826,20590981.44
2025-08,BradesCard,90-119,551,15100285.07
2025-08,BradesCard,120+,440,13250345.21
2025-08,BradesCard,Write-off,385,11920078.3
2025-08,CrediMax,Current,8875,185698635.76
2025-08,CrediMax,1-29,1459,36683589.43
2025-08,CrediMax,30-59,1042,26005898.35
2025-08,CrediMax,60-89,625,19662260.52
2025-08,CrediMax,90-119,416,13865025.7
2025-08,CrediMax,120+,333,11871653.91
2025-08,CrediMax,Write-off,291,11552482.14
2025-08,FinanzaPlus,Current,8597,117085503.17
2025-08,FinanzaPlus,1-29,1727,27157343.29
2025-08,FinanzaPlus,30-59,1233,22217326.79
2025-08,FinanzaPlus,60-89,740,15115693.52
2025-08,FinanzaPlus,90-119,493,11227878.55
2025-08,FinanzaPlus,120+,394,9112868.33
2025-08,FinanzaPlus,Write-off,345,8984120.55
2025-08,NovaPay,Current,8340,155068446.45
2025-08,NovaPay,1-29,1647,35189767.02
2025-08,NovaPay,30-59,1176,27193719.44
2025-08,NovaPay,60-89,706,18266205.54
2025-08,NovaPay,90-119,470,14644913.23
2025-08,NovaPay,120+,376,11460841.63
2025-08,NovaPay,Write-off,329,12807212.36
2025-08,SolCredito,Current,7500,86137389.99
2025-08,SolCredito,1-29,2029,28224624.12
2025-08,SolCredito,30-59,1449,20940550.19
2025-08,SolCredito,60-89,869,14268597.65
2025-08,SolCredito,90-119,579,11599312.59
2025-08,SolCredito,120+,463,8846903.3
2025-08,SolCredito,Write-off,405,8839550.28
2025-08,AztecaFin,Current,8024,139751123.44
2025-08,AztecaFin,1-29,1762,30585214.5
2025-08,AztecaFin,30-59,1258,27220539.8
2025-08,AztecaFin,60-89,755,17010175.75
2025-08,AztecaFin,90-119,503,11576061.79
2025-08,AztecaFin,120+,402,10616611.73
2025-08,AztecaFin,Write-off,352,10158098.69
2025-08,LinkPago,Current,8830,212724223.42
2025-08,LinkPago,1-29,1572,43471260.99
2025-08,LinkPago,30-59,1123,34683437.45
2025-08,LinkPago,60-89,674,23627166.09
2025-08,LinkPago,90-119,449,16760607.34
2025-08,LinkPago,120+,359,13401222.75
2025-08,LinkPago,Write-off,314,13758671.57
2025-08,MetroBank,Current,9047,200253714.39
2025-08,MetroBank,1-29,1496,36653035.91
2025-08,MetroBank,30-59,1068,28449226.43
2025-08,MetroBank,60-89,641,18242733.96
2025-08,MetroBank,90-119,427,12169016.08
2025-08,MetroBank,120+,341,11703719.69
2025-08,MetroBank,Write-off,299,10912030.1
2025-09,BradesCard,Current,8681,151917697.06
2025-09,BradesCard,1-29,1642,35813770.96
2025-09,BradesCard,30-59,1173,26855401.27
2025-09,BradesCard,60-89,703,18290181.5
2025-09,BradesCard,90-119,469,12859402.12
2025-09,BradesCard,120+,375,11116514.66
2025-09,BradesCard,Write-off,328,10926601.53
2025-09,CrediMax,Current,9644,207263998.83
2025-09,CrediMax,1-29,1250,30130875.81
2025-09,CrediMax,30-59,892,23957593.99
2025-09,CrediMax,60-89,535,16184986.99
2025-09,CrediMax,90-119,357,11345673.22
2025-09,CrediMax,120+,285,10661887.27
2025-09,CrediMax,Write-off,250,9036850.75
2025-09,FinanzaPlus,Current,8371,134649488.9
2025-09,FinanzaPlus,1-29,1718,29146052.13
2025-09,FinanzaPlus,30-59,1227,23999648.12
2025-09,FinanzaPlus,60-89,736,13899160.12
2025-09,FinanzaPlus,90-119,491,11045745.07
2025-09,FinanzaPlus,120+,392,9826482.33
2025-09,FinanzaPlus,Write-off,343,8885808.2
2025-09,NovaPay,Current,9384,200905316.38
2025-09,NovaPay,1-29,1451,36238385.32
2025-09,NovaPay,30-59,1037,25251033.15
2025-09,NovaPay,60-89,622,16541540.51
2025-09,NovaPay,90-119,414,13144917.74
2025-09,NovaPay,120+,331,11428541.41
2025-09,NovaPay,Write-off,290,9715197.42
2025-09,SolCredito,Current,7871,88102698.02
2025-09,SolCredito,1-29,1877,24068143.88
2025-09,SolCredito,30-59,1340,18938111.82
2025-09,SolCredito,60-89,804,12617555.66
2025-09,SolCredito,90-119,536,9502851.1
2025-09,SolCredito,120+,429,8333259.0
2025-09,SolCredito,Write-off,375,8340043.69
2025-09,AztecaFin,Current,9221,145957447.09
2025-09,AztecaFin,1-29,1364,24382428.22
2025-09,AztecaFin,30-59,974,19976175.99
2025-09,AztecaFin,60-89,584,11994471.41
2025-09,AztecaFin,90-119,389,9387648.75
2025-09,AztecaFin,120+,311,8027861.3
2025-09,AztecaFin,Write-off,272,7669750.72
2025-09,LinkPago,Current,10688,258679793.81
2025-09,LinkPago,1-29,941,25648464.61
2025-09,LinkPago,30-59,672,20182936.83
2025-09,LinkPago,60-89,403,13321442.63
2025-09,LinkPago,90-119,268,9599983.46
2025-09,LinkPago,120+,215,9111277.11
2025-09,LinkPago,Write-off,188,8658167.82
2025-09,MetroBank,Current,9209,197947329.15
2025-09,MetroBank,1-29,1398,31973078.81
2025-09,MetroBank,30-59,998,26810349.07
2025-09,MetroBank,60-89,599,17281014.67
2025-09,MetroBank,90-119,399,11461088.92
2025-09,MetroBank,120+,319,11547738.99
2025-09,MetroBank,Write-off,279,10982376.07
2025-10,BradesCard,Current,9754,183028206.19
2025-10,BradesCard,1-29,1246,26248855.55
2025-10,BradesCard,30-59,890,21088861.75
2025-10,BradesCard,60-89,534,14785839.12
2025-10,BradesCard,90-119,356,9661042.29
2025-10,BradesCard,120+,284,8070859.7
2025-10,BradesCard,Write-off,249,7376750.27
2025-10,CrediMax,Current,10413,249641404.14
2025-10,CrediMax,1-29,1007,24170319.0
2025-10,CrediMax,30-59,719,19833792.42
2025-10,CrediMax,60-89,431,12884930.91
2025-10,CrediMax,90-119,287,9899980.12
2025-10,CrediMax,120+,230,9118902.25
2025-10,CrediMax,Write-off,201,7403954.85
2025-10,FinanzaPlus,Current,9937,154136966.8
2025-10,FinanzaPlus,1-29,1191,21856319.88
2025-10,FinanzaPlus,30-59,851,16290738.28
2025-10,FinanzaPlus,60-89,510,10217096.25
2025-10,FinanzaPlus,90-119,340,7770913.13
2025-10,FinanzaPlus,120+,272,6889880.85
2025-10,FinanzaPlus,Write-off,238,6392304.44
2025-10,NovaPay,Current,10737,227294726.75
2025-10,NovaPay,1-29,981,23493005.73
2025-10,NovaPay,30-59,700,17923080.18
2025-10,NovaPay,60-89,420,11328542.15
2025-10,NovaPay,90-119,280,8348798.15
2025-10,NovaPay,120+,224,7600412.81
2025-10,NovaPay,Write-off,196,6466994.65
2025-10,SolCredito,Current,8735,104970651.62
2025-10,SolCredito,1-29,1672,23908128.06
2025-10,SolCredito,30-59,1194,17936480.18
2025-10,SolCredito,60-89,716,11712250.83
2025-10,SolCredito,90-119,477,7895517.58
2025-10,SolCredito,120+,382,7608066.11
2025-10,SolCredito,Write-off,334,7116250.65
2025-10,AztecaFin,Current,9891,159990092.71
2025-10,AztecaFin,1-29,1393,25273822.76
2025-10,AztecaFin,30-59,995,21297809.49
2025-10,AztecaFin,60-89,597,12928822.12
2025-10,AztecaFin,90-119,398,9556123.87
2025-10,AztecaFin,120+,318,8388238.2
2025-10,AztecaFin,Write-off,278,7721943.21
2025-10,LinkPago,Current,10789,284204266.19
2025-10,LinkPago,1-29,896,23800339.21
2025-10,LinkPago,30-59,640,19971905.92
2025-10,LinkPago,60-89,384,12598961.13
2025-10,LinkPago,90-119,256,10037974.08
2025-10,LinkPago,120+,204,7538539.74
2025-10,LinkPago,Write-off,179,7481898.93
2025-10,MetroBank,Current,10970,229612655.62
2025-10,MetroBank,1-29,890,20351705.97
2025-10,MetroBank,30-59,636,18119173.5
2025-10,MetroBank,60-89,381,10093541.97
2025-10,MetroBank,90-119,254,7026416.11
2025-10,MetroBank,120+,203,6970862.53
2025-10,MetroBank,Write-off,178,6267965.63
2025-11,BradesCard,Current,10500,196617914.43
2025-11,BradesCard,1-29,999,20115478.92
2025-11,BradesCard,30-59,713,15309172.98
2025-11,BradesCard,60-89,428,11238231.96
2025-11,BradesCard,90-119,285,8056985.74
2025-11,BradesCard,120+,228,6715334.1
2025-11,BradesCard,Write-off,199,6916841.89
2025-11,CrediMax,Current,10254,217783692.12
2025-11,CrediMax,1-29,1081,26575128.91
2025-11,CrediMax,30-59,772,21316398.39
2025-11,CrediMax,60-89,463,13685868.33
2025-11,CrediMax,90-119,309,10238142.17
2025-11,CrediMax,120+,247,8150330.78
2025-11,CrediMax,Write-off,216,8763466.17
2025-11,FinanzaPlus,Current,10408,158795314.05
2025-11,FinanzaPlus,1-29,1096,18833305.28
2025-11,FinanzaPlus,30-59,783,14978698.84
2025-11,FinanzaPlus,60-89,470,9802631.48
2025-11,FinanzaPlus,90-119,313,7171901.17
2025-11,FinanzaPlus,120+,250,6398745.76
2025-11,FinanzaPlus,Write-off,219,5705719.2
2025-11,NovaPay,Current,10722,229880936.78
2025-11,NovaPay,1-29,1042,22551423.13
2025-11,NovaPay,30-59,744,20112675.61
2025-11,NovaPay,60-89,446,12106841.79
2025-11,NovaPay,90-119,297,8162288.5
2025-11,NovaPay,120+,238,7664782.16
2025-11,NovaPay,Write-off,208,6911546.96
2025-11,SolCredito,Current,9000,105590609.46
2025-11,SolCredito,1-29,1654,20129558.15
2025-11,SolCredito,30-59,1181,17175854.72
2025-11,SolCredito,60-89,709,10168559.16
2025-11,SolCredito,90-119,472,7718849.31
2025-11,SolCredito,120+,378,7533539.27
2025-11,SolCredito,Write-off,330,7078812.1
2025-11,AztecaFin,Current,9690,154670141.57
2025-11,AztecaFin,1-29,1384,24796812.62
2025-11,AztecaFin,30-59,988,18466611.4
2025-11,AztecaFin,60-89,593,13873648.53
2025-11,AztecaFin,90-119,395,9763924.8
2025-11,AztecaFin,120+,316,8000224.41
2025-11,AztecaFin,Write-off,276,7605730.6
2025-11,LinkPago,Current,10637,262638467.73
2025-11,LinkPago,1-29,1037,28045895.27
2025-11,LinkPago,30-59,740,21791141.85
2025-11,LinkPago,60-89,444,14883825.5
2025-11,LinkPago,90-119,296,11936413.14
2025-11,LinkPago,120+,237,9783759.52
2025-11,LinkPago,Write-off,207,8646796.79
2025-11,MetroBank,Current,11330,248929904.61
2025-11,MetroBank,1-29,820,19343902.76
2025-11,MetroBank,30-59,585,14740647.66
2025-11,MetroBank,60-89,351,10374529.08
2025-11,MetroBank,90-119,234,7415805.45
2025-11,MetroBank,120+,187,6564433.9
2025-11,MetroBank,Write-off,164,6111807.72
2025-12,BradesCard,Current,10054,198250698.94
2025-12,BradesCard,1-29,1341,28060040.39
2025-12,BradesCard,30-59,958,24256870.6
2025-12,BradesCard,60-89,575,13968475.99
2025-12,BradesCard,90-119,383,11396752.69
2025-12,BradesCard,120+,306,9147229.84
2025-12,BradesCard,Write-off,268,8250003.18
2025-12,CrediMax,Current,10490,235674450.86
2025-12,CrediMax,1-29,1082,27357432.25
2025-12,CrediMax,30-59,773,20482546.78
2025-12,CrediMax,60-89,463,13836090.84
2025-12,CrediMax,90-119,309,11138713.39
2025-12,CrediMax,120+,247,9445397.57
2025-12,CrediMax,Write-off,216,8351753.27
2025-12,FinanzaPlus,Current,9644,149097575.5
2025-12,FinanzaPlus,1-29,1414,22540367.9
2025-12,FinanzaPlus,30-59,1010,18544246.22
2025-12,FinanzaPlus,60-89,606,11331014.81
2025-12,FinanzaPlus,90-119,404,9147827.62
2025-12,FinanzaPlus,120+,323,8002853.15
2025-12,FinanzaPlus,Write-off,282,7099826.43
2025-12,NovaPay,Current,10172,188544378.72
2025-12,NovaPay,1-29,1337,30284903.13
2025-12,NovaPay,30-59,955,24923973.81
2025-12,NovaPay,60-89,573,16897851.17
2025-12,NovaPay,90-119,382,11047765.19
2025-12,NovaPay,120+,305,10286396.25
2025-12,NovaPay,Write-off,267,9167115.37
2025-12,SolCredito,Current,9548,118313027.31
2025-12,SolCredito,1-29,1433,17741492.19
2025-12,SolCredito,30-59,1024,16362031.12
2025-12,SolCredito,60-89,614,10711938.89
2025-12,SolCredito,90-119,409,7036640.63
2025-12,SolCredito,120+,327,6402650.65
2025-12,SolCredito,Write-off,286,6048854.0
2025-12,AztecaFin,Current,9614,148658410.35
2025-12,AztecaFin,1-29,1440,25771829.12
2025-12,AztecaFin,30-59,1029,21612444.26
2025-12,AztecaFin,60-89,617,13790836.61
2025-12,AztecaFin,90-119,411,9552130.17
2025-12,AztecaFin,120+,329,8747377.76
2025-12,AztecaFin,Write-off,288,6796916.74
2025-12,LinkPago,Current,10619,260664049.55
2025-12,LinkPago,1-29,1151,30423763.93
2025-12,LinkPago,30-59,822,23832446.33
2025-12,LinkPago,60-89,493,17734888.93
2025-12,LinkPago,90-119,328,11852198.91
2025-12,LinkPago,120+,263,10702261.04
2025-12,LinkPago,Write-off,230,9866797.77
2025-12,MetroBank,Current,10632,208949188.01
2025-12,MetroBank,1-29,1099,27136079.15
2025-12,MetroBank,30-59,785,19936746.21
2025-12,MetroBank,60-89,471,12404821.69
2025-12,MetroBank,90-119,314,9550218.64
2025-12,MetroBank,120+,251,9066440.39
2025-12,MetroBank,Write-off,219,8246554.6
2026-01,BradesCard,Current,10153,184809856.38
2026-01,BradesCard,1-29,1251,28612260.15
2026-01,BradesCard,30-59,894,20900003.49
2026-01,BradesCard,60-89,536,13775731.92
2026-01,BradesCard,90-119,357,10278193.52
2026-01,BradesCard,120+,286,8566674.68
2026-01,BradesCard,Write-off,250,7851965.99
2026-01,CrediMax,Current,10846,238167916.39
2026-01,CrediMax,1-29,1019,26021631.95
2026-01,CrediMax,30-59,728,19911421.85
2026-01,CrediMax,60-89,436,13522988.89
2026-01,CrediMax,90-119,291,9436720.68
2026-01,CrediMax,120+,233,8233846.72
2026-01,CrediMax,Write-off,203,6914059.07
2026-01,FinanzaPlus,Current,10116,159311902.7
2026-01,FinanzaPlus,1-29,1353,19438747.84
2026-01,FinanzaPlus,30-59,966,19843754.07
2026-01,FinanzaPlus,60-89,579,11729161.16
2026-01,FinanzaPlus,90-119,386,9044012.01
2026-01,FinanzaPlus,120+,309,7030402.88
2026-01,FinanzaPlus,Write-off,270,7179429.15
2026-01,NovaPay,Current,10234,224268196.88
2026-01,NovaPay,1-29,1174,26046875.52
2026-01,NovaPay,30-59,838,21008338.85
2026-01,NovaPay,60-89,503,14276795.93
2026-01,NovaPay,90-119,335,10161759.08
2026-01,NovaPay,120+,268,8640499.63
2026-01,NovaPay,Write-off,234,8196489.5
2026-01,SolCredito,Current,9530,115509884.35
2026-01,SolCredito,1-29,1662,23510718.07
2026-01,SolCredito,30-59,1187,18638880.91
2026-01,SolCredito,60-89,712,12309495.11
2026-01,SolCredito,90-119,474,8687089.22
2026-01,SolCredito,120+,379,6860929.09
2026-01,SolCredito,Write-off,332,7412132.85
2026-01,AztecaFin,Current,10053,154781811.9
2026-01,AztecaFin,1-29,1230,21970914.41
2026-01,AztecaFin,30-59,879,17726030.3
2026-01,AztecaFin,60-89,527,11651778.51
2026-01,AztecaFin,90-119,351,8487023.51
2026-01,AztecaFin,120+,281,7774019.67
2026-01,AztecaFin,Write-off,246,6923439.55
2026-01,LinkPago,Current,11416,302373743.88
2026-01,LinkPago,1-29,817,21471862.18
2026-01,LinkPago,30-59,583,18612840.57
2026-01,LinkPago,60-89,350,12317197.78
2026-01,LinkPago,90-119,233,8492735.25
2026-01,LinkPago,120+,186,7951762.93
2026-01,LinkPago,Write-off,163,6956413.02
2026-01,MetroBank,Current,10726,225421455.91
2026-01,MetroBank,1-29,1084,24098166.06
2026-01,MetroBank,30-59,774,18703751.6
2026-01,MetroBank,60-89,464,14308346.3
2026-01,MetroBank,90-119,309,9197021.02
2026-01,MetroBank,120+,247,7887811.83
2026-01,MetroBank,Write-off,216,6961891.13
2026-02,BradesCard,Current,10003,200248696.82
2026-02,BradesCard,1-29,1325,28840175.92
2026-02,BradesCard,30-59,947,20976704.9
2026-02,BradesCard,60-89,568,15900344.49
2026-02,BradesCard,90-119,378,10857685.97
2026-02,BradesCard,120+,303,8823132.61
2026-02,BradesCard,Write-off,265,7378513.06
2026-02,CrediMax,Current,11094,223988540.93
2026-02,CrediMax,1-29,1149,29758877.98
2026-02,CrediMax,30-59,820,25098414.27
2026-02,CrediMax,60-89,492,15739509.09
2026-02,CrediMax,90-119,328,10980798.45
2026-02,CrediMax,120+,262,9496653.12
2026-02,CrediMax,Write-off,229,9035117.65
2026-02,FinanzaPlus,Current,10355,156134251.82
2026-02,FinanzaPlus,1-29,1300,21771648.3
2026-02,FinanzaPlus,30-59,928,16610098.4
2026-02,FinanzaPlus,60-89,557,11203337.26
2026-02,FinanzaPlus,90-119,371,7539023.45
2026-02,FinanzaPlus,120+,297,7092951.76
2026-02,FinanzaPlus,Write-off,260,6376426.54
2026-02,NovaPay,Current,10820,231461464.74
2026-02,NovaPay,1-29,1007,23592514.2
2026-02,NovaPay,30-59,719,16431004.48
2026-02,NovaPay,60-89,431,11143119.57
2026-02,NovaPay,90-119,287,8894801.97
2026-02,NovaPay,120+,230,6998444.64
2026-02,NovaPay,Write-off,201,6836739.83
2026-02,SolCredito,Current,8999,108556964.51
2026-02,SolCredito,1-29,1760,22076621.37
2026-02,SolCredito,30-59,1257,18141756.17
2026-02,SolCredito,60-89,754,12502030.31
2026-02,SolCredito,90-119,503,8221747.05
2026-02,SolCredito,120+,402,7888388.01
2026-02,SolCredito,Write-off,352,7258146.29
2026-02,AztecaFin,Current,10565,180569714.91
2026-02,AztecaFin,1-29,1212,21855027.8
2026-02,AztecaFin,30-59,866,16812549.72
2026-02,AztecaFin,60-89,519,11362497.98
2026-02,AztecaFin,90-119,346,8415849.64
2026-02,AztecaFin,120+,277,7108523.83
2026-02,AztecaFin,Write-off,242,6673356.71
2026-02,LinkPago,Current,11175,259782357.61
2026-02,LinkPago,1-29,911,27739410.18
2026-02,LinkPago,30-59,650,18896807.79
2026-02,LinkPago,60-89,390,12800603.85
2026-02,LinkPago,90-119,260,9274446.11
2026-02,LinkPago,120+,208,8692288.54
2026-02,LinkPago,Write-off,182,7710586.19
2026-02,MetroBank,Current,11035,234967635.61
2026-02,MetroBank,1-29,1096,24701244.52
2026-02,MetroBank,30-59,783,22576226.6
2026-02,MetroBank,60-89,470,12626131.45
2026-02,MetroBank,90-119,313,9878737.41
2026-02,MetroBank,120+,250,8666186.29
2026-02,MetroBank,Write-off,219,8073943.34
2026-03,BradesCard,Current,10867,201479891.82
2026-03,BradesCard,1-29,1097,22562773.4
2026-03,BradesCard,30-59,783,18827680.8
2026-03,BradesCard,60-89,470,13132193.83
2026-03,BradesCard,90-119,313,8331056.44
2026-03,BradesCard,120+,250,6893172.9
2026-03,BradesCard,Write-off,219,6937819.97
2026-03,CrediMax,Current,11654,277400493.98
2026-03,CrediMax,1-29,1015,27107531.31
2026-03,CrediMax,30-59,725,19230556.59
2026-03,CrediMax,60-89,435,13385471.43
2026-03,CrediMax,90-119,290,10211198.61
2026-03,CrediMax,120+,232,8011594.56
2026-03,CrediMax,Write-off,203,7603329.67
2026-03,FinanzaPlus,Current,9752,141531184.04
2026-03,FinanzaPlus,1-29,1459,23011187.77
2026-03,FinanzaPlus,30-59,1042,19414228.93
2026-03,FinanzaPlus,60-89,625,12259142.07
2026-03,FinanzaPlus,90-119,417,9365612.48
2026-03,FinanzaPlus,120+,333,7370264.1
2026-03,FinanzaPlus,Write-off,291,7632009.13
2026-03,NovaPay,Current,10600,215964999.64
2026-03,NovaPay,1-29,1262,30004036.46
2026-03,NovaPay,30-59,901,20993340.67
2026-03,NovaPay,60-89,540,15916337.16
2026-03,NovaPay,90-119,360,10879253.33
2026-03,NovaPay,120+,288,8891130.54
2026-03,NovaPay,Write-off,252,8644627.45
2026-03,SolCredito,Current,9954,122665666.29
2026-03,SolCredito,1-29,1468,18821679.18
2026-03,SolCredito,30-59,1049,15741298.67
2026-03,SolCredito,60-89,629,9539671.24
2026-03,SolCredito,90-119,419,7400055.9
2026-03,SolCredito,120+,335,6141303.3
2026-03,SolCredito,Write-off,293,5825113.4
2026-03,AztecaFin,Current,11419,188268598.56
2026-03,AztecaFin,1-29,1003,16992111.63
2026-03,AztecaFin,30-59,716,13980703.94
2026-03,AztecaFin,60-89,430,9924335.63
2026-03,AztecaFin,90-119,286,6820468.75
2026-03,AztecaFin,120+,229,6542241.87
2026-03,AztecaFin,Write-off,200,5612241.07
2026-03,LinkPago,Current,11734,295308711.22
2026-03,LinkPago,1-29,820,22784964.63
2026-03,LinkPago,30-59,585,18777077.54
2026-03,LinkPago,60-89,351,12504864.27
2026-03,LinkPago,90-119,234,8317745.16
2026-03,LinkPago,120+,187,6982118.88
2026-03,LinkPago,Write-off,164,6404553.99
2026-03,MetroBank,Current,11079,207614531.38
2026-03,MetroBank,1-29,1071,25679333.2
2026-03,MetroBank,30-59,765,22403702.31
2026-03,MetroBank,60-89,459,13105060.81
2026-03,MetroBank,90-119,306,9909202.49
2026-03,MetroBank,120+,244,8231943.49
2026-03,MetroBank,Write-off,214,7691460.73
2026-04,BradesCard,Current,11206,210082668.4
2026-04,BradesCard,1-29,1097,23095446.98
2026-04,BradesCard,30-59,784,17384181.0
2026-04,BradesCard,60-89,470,12411754.96
2026-04,BradesCard,90-119,313,8494970.27
2026-04,BradesCard,120+,250,7120374.29
2026-04,BradesCard,Write-off,219,7155515.59
2026-04,CrediMax,Current,11612,255347521.23
2026-04,CrediMax,1-29,828,21509637.72
2026-04,CrediMax,30-59,591,16505145.64
2026-04,CrediMax,60-89,355,10608308.68
2026-04,CrediMax,90-119,236,7998352.35
2026-04,CrediMax,120+,189,7115238.64
2026-04,CrediMax,Write-off,165,6417737.22
2026-04,FinanzaPlus,Current,9896,140534726.39
2026-04,FinanzaPlus,1-29,1492,24683067.98
2026-04,FinanzaPlus,30-59,1066,19223341.79
2026-04,FinanzaPlus,60-89,639,12913735.84
2026-04,FinanzaPlus,90-119,426,9483987.48
2026-04,FinanzaPlus,120+,341,8400750.28
2026-04,FinanzaPlus,Write-off,298,7661298.86
2026-04,NovaPay,Current,11572,208579900.89
2026-04,NovaPay,1-29,939,20045719.75
2026-04,NovaPay,30-59,671,16520913.39
2026-04,NovaPay,60-89,402,10273035.69
2026-04,NovaPay,90-119,268,8170755.73
2026-04,NovaPay,120+,214,7372129.08
2026-04,NovaPay,Write-off,187,6824802.56
2026-04,SolCredito,Current,10970,132618529.2
2026-04,SolCredito,1-29,1101,14548039.53
2026-04,SolCredito,30-59,786,11336971.94
2026-04,SolCredito,60-89,472,7586543.2
2026-04,SolCredito,90-119,314,5468403.88
2026-04,SolCredito,120+,251,4860263.49
2026-04,SolCredito,Write-off,220,4577256.72
2026-04,AztecaFin,Current,11125,188596751.85
2026-04,AztecaFin,1-29,1061,19915819.34
2026-04,AztecaFin,30-59,758,13922171.76
2026-04,AztecaFin,60-89,455,8636506.88
2026-04,AztecaFin,90-119,303,7510229.14
2026-04,AztecaFin,120+,242,5771795.65
2026-04,AztecaFin,Write-off,212,5768673.24
2026-04,LinkPago,Current,11309,290379252.49
2026-04,LinkPago,1-29,915,26592477.76
2026-04,LinkPago,30-59,653,19659485.0
2026-04,LinkPago,60-89,392,11601329.42
2026-04,LinkPago,90-119,261,9393245.87
2026-04,LinkPago,120+,209,8523774.07
2026-04,LinkPago,Write-off,183,7287122.24
2026-04,MetroBank,Current,11635,251412059.43
2026-04,MetroBank,1-29,896,21199921.36
2026-04,MetroBank,30-59,640,15854761.11
2026-04,MetroBank,60-89,384,11623182.38
2026-04,MetroBank,90-119,256,7893413.13
2026-04,MetroBank,120+,204,6845042.19
2026-04,MetroBank,Write-off,179,6163778.73
2026-05,BradesCard,Current,10905,199997971.48
2026-05,BradesCard,1-29,1150,25867329.48
2026-05,BradesCard,30-59,821,17541838.53
2026-05,BradesCard,60-89,492,11380028.76
2026-05,BradesCard,90-119,328,9641242.55
2026-05,BradesCard,120+,262,7674032.65
2026-05,BradesCard,Write-off,230,7073766.21
2026-05,CrediMax,Current,11886,285366346.6
2026-05,CrediMax,1-29,910,23182436.25
2026-05,CrediMax,30-59,650,17299417.75
2026-05,CrediMax,60-89,390,12927459.9
2026-05,CrediMax,90-119,260,8209212.99
2026-05,CrediMax,120+,208,7593266.27
2026-05,CrediMax,Write-off,182,6989939.6
2026-05,FinanzaPlus,Current,11863,178229748.92
2026-05,FinanzaPlus,1-29,936,15132432.73
2026-05,FinanzaPlus,30-59,669,12729580.87
2026-05,FinanzaPlus,60-89,401,7903200.86
2026-05,FinanzaPlus,90-119,267,6524107.58
2026-05,FinanzaPlus,120+,214,5171062.27
2026-05,FinanzaPlus,Write-off,187,4736473.48
2026-05,NovaPay,Current,11146,212090389.93
2026-05,NovaPay,1-29,1109,26332610.11
2026-05,NovaPay,30-59,792,18996477.27
2026-05,NovaPay,60-89,475,12243695.51
2026-05,NovaPay,90-119,316,9604581.76
2026-05,NovaPay,120+,253,8575973.04
2026-05,NovaPay,Write-off,221,7875688.53
2026-05,SolCredito,Current,9859,109897421.18
2026-05,SolCredito,1-29,1616,23349416.28
2026-05,SolCredito,30-59,1154,16894474.83
2026-05,SolCredito,60-89,692,11151801.62
2026-05,SolCredito,90-119,461,8731080.18
2026-05,SolCredito,120+,369,7281838.92
2026-05,SolCredito,Write-off,323,6818683.81
2026-05,AztecaFin,Current,11061,185186271.73
2026-05,AztecaFin,1-29,1277,22949073.96
2026-05,AztecaFin,30-59,912,18337076.51
2026-05,AztecaFin,60-89,547,12812366.59
2026-05,AztecaFin,90-119,365,8862666.3
2026-05,AztecaFin,120+,292,7676393.54
2026-05,AztecaFin,Write-off,255,7393921.37
2026-05,LinkPago,Current,11896,281863687.28
2026-05,LinkPago,1-29,808,20399657.43
2026-05,LinkPago,30-59,577,19725968.85
2026-05,LinkPago,60-89,346,11115092.84
2026-05,LinkPago,90-119,231,8452447.26
2026-05,LinkPago,120+,184,7258132.71
2026-05,LinkPago,Write-off,161,7029408.83
2026-05,MetroBank,Current,12213,248995819.0
2026-05,MetroBank,1-29,780,18192302.59
2026-05,MetroBank,30-59,557,14709210.94
2026-05,MetroBank,60-89,334,9420426.27
2026-05,MetroBank,90-119,222,7454274.94
2026-05,MetroBank,120+,178,6127621.15
2026-05,MetroBank,Write-off,156,5841761.53
2026-06,BradesCard,Current,12137,226566779.26
2026-06,BradesCard,1-29,838,16237492.0
2026-06,BradesCard,30-59,598,13992268.36
2026-06,BradesCard,60-89,359,8738272.9
2026-06,BradesCard,90-119,239,6370861.38
2026-06,BradesCard,120+,191,5819353.38
2026-06,BradesCard,Write-off,167,5642948.1
2026-06,CrediMax,Current,12206,291386959.18
2026-06,CrediMax,1-29,769,19176251.49
2026-06,CrediMax,30-59,549,16924953.98
2026-06,CrediMax,60-89,329,10122014.8
2026-06,CrediMax,90-119,219,6502871.73
2026-06,CrediMax,120+,175,6392029.22
2026-06,CrediMax,Write-off,153,5899856.2
2026-06,FinanzaPlus,Current,11524,171663324.93
2026-06,FinanzaPlus,1-29,1096,17285662.07
2026-06,FinanzaPlus,30-59,783,14411591.35
2026-06,FinanzaPlus,60-89,469,9160728.03
2026-06,FinanzaPlus,90-119,313,6746908.74
2026-06,FinanzaPlus,120+,250,6176573.52
2026-06,FinanzaPlus,Write-off,219,6121964.72
2026-06,NovaPay,Current,11404,233150248.83
2026-06,NovaPay,1-29,1075,25520744.31
2026-06,NovaPay,30-59,768,18465691.54
2026-06,NovaPay,60-89,461,12455176.6
2026-06,NovaPay,90-119,307,9093873.73
2026-06,NovaPay,120+,245,7532319.86
2026-06,NovaPay,Write-off,215,7635734.1
2026-06,SolCredito,Current,10621,121796367.35
2026-06,SolCredito,1-29,1313,17260734.79
2026-06,SolCredito,30-59,938,14461569.72
2026-06,SolCredito,60-89,563,9016877.47
2026-06,SolCredito,90-119,375,7235078.96
2026-06,SolCredito,120+,300,5644904.78
2026-06,SolCredito,Write-off,262,5468431.15
2026-06,AztecaFin,Current,10632,155135264.57
2026-06,AztecaFin,1-29,1383,22892815.52
2026-06,AztecaFin,30-59,988,20839373.63
2026-06,AztecaFin,60-89,593,12547629.95
2026-06,AztecaFin,90-119,395,10550018.64
2026-06,AztecaFin,120+,316,7861373.13
2026-06,AztecaFin,Write-off,276,7665608.16
2026-06,LinkPago,Current,13268,365890036.82
2026-06,LinkPago,1-29,503,14934931.5
2026-06,LinkPago,30-59,359,11698839.59
2026-06,LinkPago,60-89,215,7526568.6
2026-06,LinkPago,90-119,143,5496915.42
2026-06,LinkPago,120+,115,4473227.29
2026-06,LinkPago,Write-off,100,4124087.24
2026-06,MetroBank,Current,11892,244072722.64
2026-06,MetroBank,1-29,877,21345260.59
2026-06,MetroBank,30-59,626,17079663.42
2026-06,MetroBank,60-89,375,10757341.89
2026-06,MetroBank,90-119,250,8344020.44
2026-06,MetroBank,120+,200,6336392.46
2026-06,MetroBank,Write-off,175,6259793.93
2026-07,BradesCard,Current,10623,195713056.84
2026-07,BradesCard,1-29,1313,27039750.76
2026-07,BradesCard,30-59,938,23146019.39
2026-07,BradesCard,60-89,562,14585901.34
2026-07,BradesCard,90-119,375,9741708.09
2026-07,BradesCard,120+,300,9703217.1
2026-07,BradesCard,Write-off,262,8845818.13
2026-07,CrediMax,Current,12141,254288593.05
2026-07,CrediMax,1-29,873,21110398.21
2026-07,CrediMax,30-59,623,17920628.09
2026-07,CrediMax,60-89,374,12244513.58
2026-07,CrediMax,90-119,249,8733027.72
2026-07,CrediMax,120+,199,6833585.38
2026-07,CrediMax,Write-off,174,6215572.98
2026-07,FinanzaPlus,Current,9980,152118910.34
2026-07,FinanzaPlus,1-29,1598,26648270.1
2026-07,FinanzaPlus,30-59,1141,20728074.69
2026-07,FinanzaPlus,60-89,685,12859780.97
2026-07,FinanzaPlus,90-119,456,10383163.83
2026-07,FinanzaPlus,120+,365,8526677.03
2026-07,FinanzaPlus,Write-off,319,7748767.52
2026-07,NovaPay,Current,11354,247202144.63
2026-07,NovaPay,1-29,906,21980112.95
2026-07,NovaPay,30-59,647,15678880.82
2026-07,NovaPay,60-89,388,10235824.74
2026-07,NovaPay,90-119,259,7846090.55
2026-07,NovaPay,120+,207,6293334.74
2026-07,NovaPay,Write-off,181,6320353.85
2026-07,SolCredito,Current,11301,134932895.27
2026-07,SolCredito,1-29,1180,15697694.86
2026-07,SolCredito,30-59,842,11978949.56
2026-07,SolCredito,60-89,505,7900859.14
2026-07,SolCredito,90-119,337,5917344.83
2026-07,SolCredito,120+,269,5259668.47
2026-07,SolCredito,Write-off,236,5093545.36
2026-07,AztecaFin,Current,11899,187803120.22
2026-07,AztecaFin,1-29,860,15394735.22
2026-07,AztecaFin,30-59,614,11726642.33
2026-07,AztecaFin,60-89,368,7037052.99
2026-07,AztecaFin,90-119,245,6058043.89
2026-07,AztecaFin,120+,196,5202459.4
2026-07,AztecaFin,Write-off,172,4666857.64
2026-07,LinkPago,Current,12583,289998106.85
2026-07,LinkPago,1-29,682,18590860.5
2026-07,LinkPago,30-59,487,15696550.69
2026-07,LinkPago,60-89,292,9305370.73
2026-07,LinkPago,90-119,194,7283357.94
2026-07,LinkPago,120+,155,5779459.64
2026-07,LinkPago,Write-off,136,5984384.13
2026-07,MetroBank,Current,11409,253541936.86
2026-07,MetroBank,1-29,1085,24581890.53
2026-07,MetroBank,30-59,775,19363414.78
2026-07,MetroBank,60-89,465,13413581.96
2026-07,MetroBank,90-119,310,10188144.56
2026-07,MetroBank,120+,248,7909568.0
2026-07,MetroBank,Write-off,217,7862212.46
2026-08,BradesCard,Current,11938,222801382.34
2026-08,BradesCard,1-29,975,19831265.18
2026-08,BradesCard,30-59,696,15305564.8
2026-08,BradesCard,60-89,417,10536909.88
2026-08,BradesCard,90-119,278,7203603.19
2026-08,BradesCard,120+,222,5611361.09
2026-08,BradesCard,Write-off,195,6340340.5
2026-08,CrediMax,Current,11460,239391334.74
2026-08,CrediMax,1-29,1175,29848287.71
2026-08,CrediMax,30-59,839,25242509.59
2026-08,CrediMax,60-89,503,15065407.02
2026-08,CrediMax,90-119,335,10510561.76
2026-08,CrediMax,120+,268,9347331.41
2026-08,CrediMax,Write-off,235,9503697.55
2026-08,FinanzaPlus,Current,10430,152673738.8
2026-08,FinanzaPlus,1-29,1427,22830864.06
2026-08,FinanzaPlus,30-59,1019,19069650.98
2026-08,FinanzaPlus,60-89,611,13476932.11
2026-08,FinanzaPlus,90-119,407,9181357.52
2026-08,FinanzaPlus,120+,326,7725279.31
2026-08,FinanzaPlus,Write-off,285,7245715.59
2026-08,NovaPay,Current,11946,237990156.84
2026-08,NovaPay,1-29,833,18490819.46
2026-08,NovaPay,30-59,595,17111874.76
2026-08,NovaPay,60-89,357,9855450.51
2026-08,NovaPay,90-119,238,6779989.12
2026-08,NovaPay,120+,190,5950387.29
2026-08,NovaPay,Write-off,166,6038304.22
2026-08,SolCredito,Current,9461,118750094.97
2026-08,SolCredito,1-29,1820,23643633.06
2026-08,SolCredito,30-59,1300,21155853.61
2026-08,SolCredito,60-89,780,13417028.99
2026-08,SolCredito,90-119,520,9028644.64
2026-08,SolCredito,120+,416,8498786.69
2026-08,SolCredito,Write-off,364,7538449.79
2026-08,AztecaFin,Current,11662,178695830.95
2026-08,AztecaFin,1-29,1101,19095060.66
2026-08,AztecaFin,30-59,786,16397312.81
2026-08,AztecaFin,60-89,472,10098800.82
2026-08,AztecaFin,90-119,314,7285453.19
2026-08,AztecaFin,120+,251,6118738.22
2026-08,AztecaFin,Write-off,220,6182631.91
2026-08,LinkPago,Current,12456,311777096.94
2026-08,LinkPago,1-29,908,27219214.77
2026-08,LinkPago,30-59,648,20008008.19
2026-08,LinkPago,60-89,389,13525153.47
2026-08,LinkPago,90-119,259,9073954.14
2026-08,LinkPago,120+,207,8457319.14
2026-08,LinkPago,Write-off,181,7710172.81
2026-08,MetroBank,Current,12589,298599017.52
2026-08,MetroBank,1-29,786,19022495.81
2026-08,MetroBank,30-59,561,14846408.8
2026-08,MetroBank,60-89,337,9718264.72
2026-08,MetroBank,90-119,224,6838984.23
2026-08,MetroBank,120+,179,6116188.86
2026-08,MetroBank,Write-off,157,5587081.29
2026-09,BradesCard,Current,12123,212988358.15
2026-09,BradesCard,1-29,934,20455453.85
2026-09,BradesCard,30-59,667,16308637.57
2026-09,BradesCard,60-89,400,10004587.92
2026-09,BradesCard,90-119,266,6510398.05
2026-09,BradesCard,120+,213,6113190.2
2026-09,BradesCard,Write-off,186,6302334.41
2026-09,CrediMax,Current,11745,251868560.41
2026-09,CrediMax,1-29,1053,27036453.0
2026-09,CrediMax,30-59,752,21075359.93
2026-09,CrediMax,60-89,451,13332713.47
2026-09,CrediMax,90-119,300,9588842.96
2026-09,CrediMax,120+,240,8282521.36
2026-09,CrediMax,Write-off,210,7579907.99
2026-09,FinanzaPlus,Current,10971,174580084.6
2026-09,FinanzaPlus,1-29,1438,25996028.09
2026-09,FinanzaPlus,30-59,1027,20055696.72
2026-09,FinanzaPlus,60-89,616,12295204.33
2026-09,FinanzaPlus,90-119,411,9308385.7
2026-09,FinanzaPlus,120+,328,7862476.61
2026-09,FinanzaPlus,Write-off,287,7070022.46
2026-09,NovaPay,Current,11387,241264105.2
2026-09,NovaPay,1-29,1202,26299313.61
2026-09,NovaPay,30-59,859,21517467.22
2026-09,NovaPay,60-89,515,14206414.83
2026-09,NovaPay,90-119,343,10021369.48
2026-09,NovaPay,120+,274,9025206.56
2026-09,NovaPay,Write-off,240,8059959.77
2026-09,SolCredito,Current,9549,115312079.16
2026-09,SolCredito,1-29,1884,27775737.18
2026-09,SolCredito,30-59,1346,19026724.2
2026-09,SolCredito,60-89,807,12723936.8
2026-09,SolCredito,90-119,538,9800396.39
2026-09,SolCredito,120+,430,8330131.36
2026-09,SolCredito,Write-off,376,7896695.7
2026-09,AztecaFin,Current,11630,196404647.33
2026-09,AztecaFin,1-29,1129,20646246.0
2026-09,AztecaFin,30-59,806,15798141.96
2026-09,AztecaFin,60-89,483,10863520.17
2026-09,AztecaFin,90-119,322,8349286.19
2026-09,AztecaFin,120+,258,6560999.03
2026-09,AztecaFin,Write-off,225,5890285.73
2026-09,LinkPago,Current,12546,279577109.84
2026-09,LinkPago,1-29,852,24866804.58
2026-09,LinkPago,30-59,608,18343506.72
2026-09,LinkPago,60-89,365,12353824.1
2026-09,LinkPago,90-119,243,9140241.76
2026-09,LinkPago,120+,194,7833913.88
2026-09,LinkPago,Write-off,170,7569304.64
2026-09,MetroBank,Current,12064,250056270.33
2026-09,MetroBank,1-29,912,22242623.11
2026-09,MetroBank,30-59,651,17473626.71
2026-09,MetroBank,60-89,391,10644659.67
2026-09,MetroBank,90-119,260,8519580.21
2026-09,MetroBank,120+,208,6801512.93
2026-09,MetroBank,Write-off,182,6839442.13
