month,from_band,to_band,roll_rate
2024-10,Current,Current,91.78
2024-10,Current,1-29,6.53
2024-10,Current,30-59,1.49
2024-10,Current,60-89,0.26
2024-10,Current,90-119,0.11
2024-10,Current,120+,0.1
2024-10,Current,Write-off,0.1
2024-10,1-29,Current,33.44
2024-10,1-29,1-29,33.3
2024-10,1-29,30-59,20.8
2024-10,1-29,60-89,7.52
2024-10,1-29,90-119,2.17
2024-10,1-29,120+,1.02
2024-10,1-29,Write-off,1.0
2024-10,30-59,Current,10.26
2024-10,30-59,1-29,12.48
2024-10,30-59,30-59,29.45
2024-10,30-59,60-89,36.66
2024-10,30-59,90-119,8.08
2024-10,30-59,120+,3.93
2024-10,30-59,Write-off,2.97
2024-10,60-89,Current,4.94
2024-10,60-89,1-29,5.45
2024-10,60-89,30-59,8.37
2024-10,60-89,60-89,16.82
2024-10,60-89,90-119,42.22
2024-10,60-89,120+,12.17
2024-10,60-89,Write-off,8.01
2024-10,90-119,Current,1.94
2024-10,90-119,1-29,2.18
2024-10,90-119,30-59,3.22
2024-10,90-119,60-89,4.68
2024-10,90-119,90-119,18.59
2024-10,90-119,120+,41.43
2024-10,90-119,Write-off,22.32
2024-10,120+,Current,0.95
2024-10,120+,1-29,1.07
2024-10,120+,30-59,1.08
2024-10,120+,60-89,2.09
2024-10,120+,90-119,3.18
2024-10,120+,120+,33.32
2024-10,120+,Write-off,57.1
2024-11,Current,Current,95.18
2024-11,Current,1-29,6.36
2024-11,Current,30-59,1.58
2024-11,Current,60-89,0.33
2024-11,Current,90-119,0.11
2024-11,Current,120+,0.1
2024-11,Current,Write-off,0.1
2024-11,1-29,Current,35.24
2024-11,1-29,1-29,27.88
2024-11,1-29,30-59,24.9
2024-11,1-29,60-89,5.7
2024-11,1-29,90-119,1.91
2024-11,1-29,120+,1.0
2024-11,1-29,Write-off,0.95
2024-11,30-59,Current,9.84
2024-11,30-59,1-29,10.13
2024-11,30-59,30-59,28.48
2024-11,30-59,60-89,35.32
2024-11,30-59,90-119,7.55
2024-11,30-59,120+,4.19
2024-11,30-59,Write-off,3.25
2024-11,60-89,Current,4.4
2024-11,60-89,1-29,4.67
2024-11,60-89,30-59,7.47
2024-11,60-89,60-89,20.35
2024-11,60-89,90-119,43.01
2024-11,60-89,120+,11.76
2024-11,60-89,Write-off,7.9
2024-11,90-119,Current,1.7
2024-11,90-119,1-29,2.09
2024-11,90-119,30-59,2.69
2024-11,90-119,60-89,5.0
2024-11,90-119,90-119,18.4
2024-11,90-119,120+,49.7
2024-11,90-119,Write-off,22.61
2024-11,120+,Current,0.77
2024-11,120+,1-29,1.01
2024-11,120+,30-59,1.15
2024-11,120+,60-89,2.22
2024-11,120+,90-119,3.08
2024-11,120+,120+,30.74
2024-11,120+,Write-off,64.41
2024-12,Current,Current,84.83
2024-12,Current,1-29,6.16
2024-12,Current,30-59,1.54
2024-12,Current,60-89,0.32
2024-12,Current,90-119,0.12
2024-12,Current,120+,0.1
2024-12,Current,Write-off,0.1
2024-12,1-29,Current,35.77
2024-12,1-29,1-29,25.75
2024-12,1-29,30-59,24.21
2024-12,1-29,60-89,5.95
2024-12,1-29,90-119,1.96
2024-12,1-29,120+,1.04
2024-12,1-29,Write-off,0.96
2024-12,30-59,Current,11.14
2024-12,30-59,1-29,11.86
2024-12,30-59,30-59,27.98
2024-12,30-59,60-89,34.92
2024-12,30-59,90-119,8.29
2024-12,30-59,120+,4.22
2024-12,30-59,Write-off,2.86
2024-12,60-89,Current,4.86
2024-12,60-89,1-29,4.82
2024-12,60-89,30-59,7.04
2024-12,60-89,60-89,20.56
2024-12,60-89,90-119,39.44
2024-12,60-89,120+,12.7
2024-12,60-89,Write-off,8.36
2024-12,90-119,Current,2.08
2024-12,90-119,1-29,2.11
2024-12,90-119,30-59,2.93
2024-12,90-119,60-89,5.1
2024-12,90-119,90-119,17.85
2024-12,90-119,120+,45.42
2024-12,90-119,Write-off,24.43
2024-12,120+,Current,0.83
2024-12,120+,1-29,0.98
2024-12,120+,30-59,1.14
2024-12,120+,60-89,2.2
2024-12,120+,90-119,3.3
2024-12,120+,120+,35.16
2024-12,120+,Write-off,61.87
2025-01,Current,Current,93.45
2025-01,Current,1-29,5.65
2025-01,Current,30-59,1.45
2025-01,Current,60-89,0.31
2025-01,Current,90-119,0.11
2025-01,Current,120+,0.1
2025-01,Current,Write-off,0.1
2025-01,1-29,Current,35.63
2025-01,1-29,1-29,31.44
2025-01,1-29,30-59,22.56
2025-01,1-29,60-89,5.01
2025-01,1-29,90-119,1.95
2025-01,1-29,120+,0.92
2025-01,1-29,Write-off,0.98
2025-01,30-59,Current,10.06
2025-01,30-59,1-29,11.46
2025-01,30-59,30-59,31.25
2025-01,30-59,60-89,36.54
2025-01,30-59,90-119,8.34
2025-01,30-59,120+,4.16
2025-01,30-59,Write-off,2.78
2025-01,60-89,Current,5.51
2025-01,60-89,1-29,4.92
2025-01,60-89,30-59,8.36
2025-01,60-89,60-89,20.11
2025-01,60-89,90-119,35.75
2025-01,60-89,120+,12.68
2025-01,60-89,Write-off,8.38
2025-01,90-119,Current,1.89
2025-01,90-119,1-29,1.84
2025-01,90-119,30-59,3.24
2025-01,90-119,60-89,4.48
2025-01,90-119,90-119,20.37
2025-01,90-119,120+,41.35
2025-01,90-119,Write-off,26.73
2025-01,120+,Current,0.99
2025-01,120+,1-29,1.04
2025-01,120+,30-59,0.97
2025-01,120+,60-89,2.01
2025-01,120+,90-119,3.06
2025-01,120+,120+,29.43
2025-01,120+,Write-off,64.64
2025-02,Current,Current,88.22
2025-02,Current,1-29,5.86
2025-02,Current,30-59,1.37
2025-02,Current,60-89,0.24
2025-02,Current,90-119,0.1
2025-02,Current,120+,0.1
2025-02,Current,Write-off,0.1
2025-02,1-29,Current,35.26
2025-02,1-29,1-29,29.37
2025-02,1-29,30-59,25.27
2025-02,1-29,60-89,6.32
2025-02,1-29,90-119,1.83
2025-02,1-29,120+,1.1
2025-02,1-29,Write-off,1.07
2025-02,30-59,Current,10.66
2025-02,30-59,1-29,12.37
2025-02,30-59,30-59,28.04
2025-02,30-59,60-89,37.2
2025-02,30-59,90-119,8.45
2025-02,30-59,120+,3.87
2025-02,30-59,Write-off,2.89
2025-02,60-89,Current,5.09
2025-02,60-89,1-29,5.6
2025-02,60-89,30-59,7.17
2025-02,60-89,60-89,19.42
2025-02,60-89,90-119,40.89
2025-02,60-89,120+,11.99
2025-02,60-89,Write-off,8.18
2025-02,90-119,Current,2.06
2025-02,90-119,1-29,1.96
2025-02,90-119,30-59,3.34
2025-02,90-119,60-89,4.34
2025-02,90-119,90-119,16.81
2025-02,90-119,120+,44.43
2025-02,90-119,Write-off,21.94
2025-02,120+,Current,0.99
2025-02,120+,1-29,1.13
2025-02,120+,30-59,1.01
2025-02,120+,60-89,2.05
2025-02,120+,90-119,2.72
2025-02,120+,120+,30.42
2025-02,120+,Write-off,58.74
2025-03,Current,Current,89.66
2025-03,Current,1-29,6.62
2025-03,Current,30-59,1.57
2025-03,Current,60-89,0.27
2025-03,Current,90-119,0.1
2025-03,Current,120+,0.1
2025-03,Current,Write-off,0.1
2025-03,1-29,Current,39.43
2025-03,1-29,1-29,27.56
2025-03,1-29,30-59,23.38
2025-03,1-29,60-89,5.4
2025-03,1-29,90-119,1.96
2025-03,1-29,120+,1.04
2025-03,1-29,Write-off,1.08
2025-03,30-59,Current,9.94
2025-03,30-59,1-29,11.69
2025-03,30-59,30-59,28.34
2025-03,30-59,60-89,32.66
2025-03,30-59,90-119,9.34
2025-03,30-59,120+,3.49
2025-03,30-59,Write-off,3.04
2025-03,60-89,Current,5.81
2025-03,60-89,1-29,5.0
2025-03,60-89,30-59,7.88
2025-03,60-89,60-89,21.37
2025-03,60-89,90-119,39.42
2025-03,60-89,120+,13.32
2025-03,60-89,Write-off,6.58
2025-03,90-119,Current,2.25
2025-03,90-119,1-29,1.77
2025-03,90-119,30-59,2.94
2025-03,90-119,60-89,4.83
2025-03,90-119,90-119,18.85
2025-03,90-119,120+,39.25
2025-03,90-119,Write-off,25.92
2025-03,120+,Current,1.16
2025-03,120+,1-29,0.89
2025-03,120+,30-59,1.02
2025-03,120+,60-89,1.89
2025-03,120+,90-119,3.1
2025-03,120+,120+,32.05
2025-03,120+,Write-off,56.92
2025-04,Current,Current,95.59
2025-04,Current,1-29,6.85
2025-04,Current,30-59,1.47
2025-04,Current,60-89,0.32
2025-04,Current,90-119,0.1
2025-04,Current,120+,0.1
2025-04,Current,Write-off,0.1
2025-04,1-29,Current,39.4
2025-04,1-29,1-29,30.85
2025-04,1-29,30-59,24.55
2025-04,1-29,60-89,6.04
2025-04,1-29,90-119,1.81
2025-04,1-29,120+,1.06
2025-04,1-29,Write-off,1.08
2025-04,30-59,Current,9.71
2025-04,30-59,1-29,11.51
2025-04,30-59,30-59,28.6
2025-04,30-59,60-89,34.02
2025-04,30-59,90-119,8.01
2025-04,30-59,120+,4.66
2025-04,30-59,Write-off,2.96
2025-04,60-89,Current,4.89
2025-04,60-89,1-29,4.72
2025-04,60-89,30-59,8.45
2025-04,60-89,60-89,21.68
2025-04,60-89,90-119,38.2
2025-04,60-89,120+,13.23
2025-04,60-89,Write-off,8.96
2025-04,90-119,Current,1.92
2025-04,90-119,1-29,1.69
2025-04,90-119,30-59,3.23
2025-04,90-119,60-89,4.71
2025-04,90-119,90-119,19.14
2025-04,90-119,120+,37.75
2025-04,90-119,Write-off,26.96
2025-04,120+,Current,0.91
2025-04,120+,1-29,1.06
2025-04,120+,30-59,1.01
2025-04,120+,60-89,1.86
2025-04,120+,90-119,2.92
2025-04,120+,120+,33.76
2025-04,120+,Write-off,60.92
2025-05,Current,Current,96.3
2025-05,Current,1-29,6.86
2025-05,Current,30-59,1.29
2025-05,Current,60-89,0.33
2025-05,Current,90-119,0.1
2025-05,Current,120+,0.1
2025-05,Current,Write-off,0.1
2025-05,1-29,Current,35.51
2025-05,1-29,1-29,32.21
2025-05,1-29,30-59,25.48
2025-05,1-29,60-89,6.9
2025-05,1-29,90-119,1.83
2025-05,1-29,120+,1.03
2025-05,1-29,Write-off,0.93
2025-05,30-59,Current,10.59
2025-05,30-59,1-29,12.67
2025-05,30-59,30-59,27.06
2025-05,30-59,60-89,28.74
2025-05,30-59,90-119,8.36
2025-05,30-59,120+,4.08
2025-05,30-59,Write-off,3.19
2025-05,60-89,Current,5.64
2025-05,60-89,1-29,4.5
2025-05,60-89,30-59,8.32
2025-05,60-89,60-89,24.1
2025-05,60-89,90-119,35.49
2025-05,60-89,120+,12.13
2025-05,60-89,Write-off,7.91
2025-05,90-119,Current,2.05
2025-05,90-119,1-29,2.03
2025-05,90-119,30-59,2.84
2025-05,90-119,60-89,4.66
2025-05,90-119,90-119,18.05
2025-05,90-119,120+,40.42
2025-05,90-119,Write-off,23.57
2025-05,120+,Current,1.08
2025-05,120+,1-29,0.89
2025-05,120+,30-59,1.08
2025-05,120+,60-89,2.13
2025-05,120+,90-119,2.67
2025-05,120+,120+,30.27
2025-05,120+,Write-off,67.51
2025-06,Current,Current,84.78
2025-06,Current,1-29,5.62
2025-06,Current,30-59,1.52
2025-06,Current,60-89,0.31
2025-06,Current,90-119,0.1
2025-06,Current,120+,0.1
2025-06,Current,Write-off,0.1
2025-06,1-29,Current,41.7
2025-06,1-29,1-29,32.35
2025-06,1-29,30-59,26.48
2025-06,1-29,60-89,5.93
2025-06,1-29,90-119,1.97
2025-06,1-29,120+,1.09
2025-06,1-29,Write-off,1.09
2025-06,30-59,Current,11.64
2025-06,30-59,1-29,12.31
2025-06,30-59,30-59,24.63
2025-06,30-59,60-89,39.78
2025-06,30-59,90-119,7.78
2025-06,30-59,120+,3.77
2025-06,30-59,Write-off,3.22
2025-06,60-89,Current,6.06
2025-06,60-89,1-29,6.11
2025-06,60-89,30-59,8.18
2025-06,60-89,60-89,21.68
2025-06,60-89,90-119,43.8
2025-06,60-89,120+,12.54
2025-06,60-89,Write-off,8.21
2025-06,90-119,Current,2.39
2025-06,90-119,1-29,1.98
2025-06,90-119,30-59,3.04
2025-06,90-119,60-89,5.14
2025-06,90-119,90-119,18.61
2025-06,90-119,120+,46.84
2025-06,90-119,Write-off,25.07
2025-06,120+,Current,1.01
2025-06,120+,1-29,0.89
2025-06,120+,30-59,1.09
2025-06,120+,60-89,2.23
2025-06,120+,90-119,3.27
2025-06,120+,120+,36.29
2025-06,120+,Write-off,63.11
2025-07,Current,Current,96.92
2025-07,Current,1-29,5.23
2025-07,Current,30-59,1.39
2025-07,Current,60-89,0.3
2025-07,Current,90-119,0.1
2025-07,Current,120+,0.1
2025-07,Current,Write-off,0.1
2025-07,1-29,Current,33.58
2025-07,1-29,1-29,29.14
2025-07,1-29,30-59,28.81
2025-07,1-29,60-89,6.76
2025-07,1-29,90-119,2.24
2025-07,1-29,120+,1.08
2025-07,1-29,Write-off,1.08
2025-07,30-59,Current,10.28
2025-07,30-59,1-29,12.18
2025-07,30-59,30-59,28.94
2025-07,30-59,60-89,39.21
2025-07,30-59,90-119,8.31
2025-07,30-59,120+,3.15
2025-07,30-59,Write-off,3.51
2025-07,60-89,Current,5.21
2025-07,60-89,1-29,4.45
2025-07,60-89,30-59,8.12
2025-07,60-89,60-89,21.31
2025-07,60-89,90-119,46.63
2025-07,60-89,120+,12.11
2025-07,60-89,Write-off,9.09
2025-07,90-119,Current,1.94
2025-07,90-119,1-29,2.11
2025-07,90-119,30-59,2.94
2025-07,90-119,60-89,4.65
2025-07,90-119,90-119,18.21
2025-07,90-119,120+,36.78
2025-07,90-119,Write-off,27.84
2025-07,120+,Current,1.0
2025-07,120+,1-29,0.85
2025-07,120+,30-59,0.96
2025-07,120+,60-89,2.34
2025-07,120+,90-119,3.09
2025-07,120+,120+,35.93
2025-07,120+,Write-off,62.29
2025-08,Current,Current,79.43
2025-08,Current,1-29,5.29
2025-08,Current,30-59,1.6
2025-08,Current,60-89,0.29
2025-08,Current,90-119,0.1
2025-08,Current,120+,0.1
2025-08,Current,Write-off,0.1
2025-08,1-29,Current,40.17
2025-08,1-29,1-29,33.48
2025-08,1-29,30-59,25.74
2025-08,1-29,60-89,5.71
2025-08,1-29,90-119,2.05
2025-08,1-29,120+,1.08
2025-08,1-29,Write-off,0.98
2025-08,30-59,Current,9.82
2025-08,30-59,1-29,11.98
2025-08,30-59,30-59,27.89
2025-08,30-59,60-89,37.13
2025-08,30-59,90-119,7.98
2025-08,30-59,120+,3.81
2025-08,30-59,Write-off,2.95
2025-08,60-89,Current,5.65
2025-08,60-89,1-29,5.27
2025-08,60-89,30-59,6.59
2025-08,60-89,60-89,20.36
2025-08,60-89,90-119,37.54
2025-08,60-89,120+,11.03
2025-08,60-89,Write-off,8.41
2025-08,90-119,Current,1.88
2025-08,90-119,1-29,1.79
2025-08,90-119,30-59,2.67
2025-08,90-119,60-89,4.94
2025-08,90-119,90-119,18.1
2025-08,90-119,120+,41.09
2025-08,90-119,Write-off,26.81
2025-08,120+,Current,1.01
2025-08,120+,1-29,0.95
2025-08,120+,30-59,1.19
2025-08,120+,60-89,2.33
2025-08,120+,90-119,2.86
2025-08,120+,120+,34.12
2025-08,120+,Write-off,67.39
2025-09,Current,Current,83.55
2025-09,Current,1-29,6.28
2025-09,Current,30-59,1.66
2025-09,Current,60-89,0.27
2025-09,Current,90-119,0.1
2025-09,Current,120+,0.1
2025-09,Current,Write-off,0.1
2025-09,1-29,Current,37.89
2025-09,1-29,1-29,30.82
2025-09,1-29,30-59,26.75
2025-09,1-29,60-89,5.59
2025-09,1-29,90-119,2.24
2025-09,1-29,120+,1.13
2025-09,1-29,Write-off,1.02
2025-09,30-59,Current,10.35
2025-09,30-59,1-29,10.3
2025-09,30-59,30-59,29.15
2025-09,30-59,60-89,37.95
2025-09,30-59,90-119,8.27
2025-09,30-59,120+,4.28
2025-09,30-59,Write-off,3.04
2025-09,60-89,Current,5.42
2025-09,60-89,1-29,4.5
2025-09,60-89,30-59,7.83
2025-09,60-89,60-89,21.69
2025-09,60-89,90-119,42.26
2025-09,60-89,120+,11.41
2025-09,60-89,Write-off,8.22
2025-09,90-119,Current,2.21
2025-09,90-119,1-29,1.89
2025-09,90-119,30-59,2.56
2025-09,90-119,60-89,5.6
2025-09,90-119,90-119,19.99
2025-09,90-119,120+,39.48
2025-09,90-119,Write-off,27.34
2025-09,120+,Current,1.0
2025-09,120+,1-29,1.0
2025-09,120+,30-59,1.06
2025-09,120+,60-89,2.04
2025-09,120+,90-119,2.93
2025-09,120+,120+,30.23
2025-09,120+,Write-off,57.92
2025-10,Current,Current,85.88
2025-10,Current,1-29,5.92
2025-10,Current,30-59,1.4
2025-10,Current,60-89,0.31
2025-10,Current,90-119,0.11
2025-10,Current,120+,0.1
2025-10,Current,Write-off,0.1
2025-10,1-29,Current,36.95
2025-10,1-29,1-29,31.13
2025-10,1-29,30-59,25.55
2025-10,1-29,60-89,6.45
2025-10,1-29,90-119,2.11
2025-10,1-29,120+,0.92
2025-10,1-29,Write-off,1.09
2025-10,30-59,Current,10.87
2025-10,30-59,1-29,11.17
2025-10,30-59,30-59,28.08
2025-10,30-59,60-89,37.47
2025-10,30-59,90-119,7.99
2025-10,30-59,120+,4.31
2025-10,30-59,Write-off,3.61
2025-10,60-89,Current,4.76
2025-10,60-89,1-29,4.41
2025-10,60-89,30-59,8.13
2025-10,60-89,60-89,23.27
2025-10,60-89,90-119,39.9
2025-10,60-89,120+,13.3
2025-10,60-89,Write-off,7.27
2025-10,90-119,Current,2.14
2025-10,90-119,1-29,1.89
2025-10,90-119,30-59,3.39
2025-10,90-119,60-89,5.76
2025-10,90-119,90-119,16.9
2025-10,90-119,120+,42.66
2025-10,90-119,Write-off,27.12
2025-10,120+,Current,0.98
2025-10,120+,1-29,0.99
2025-10,120+,30-59,1.02
2025-10,120+,60-89,1.72
2025-10,120+,90-119,3.04
2025-10,120+,120+,30.23
2025-10,120+,Write-off,58.58
2025-11,Current,Current,99.0
2025-11,Current,1-29,5.37
2025-11,Current,30-59,1.59
2025-11,Current,60-89,0.29
2025-11,Current,90-119,0.1
2025-11,Current,120+,0.1
2025-11,Current,Write-off,0.1
2025-11,1-29,Current,36.91
2025-11,1-29,1-29,32.32
2025-11,1-29,30-59,24.56
2025-11,1-29,60-89,5.76
2025-11,1-29,90-119,1.84
2025-11,1-29,120+,0.94
2025-11,1-29,Write-off,1.24
2025-11,30-59,Current,11.09
2025-11,30-59,1-29,10.65
2025-11,30-59,30-59,25.04
2025-11,30-59,60-89,36.66
2025-11,30-59,90-119,8.42
2025-11,30-59,120+,4.16
2025-11,30-59,Write-off,2.97
2025-11,60-89,Current,4.99
2025-11,60-89,1-29,5.11
2025-11,60-89,30-59,8.02
2025-11,60-89,60-89,18.09
2025-11,60-89,90-119,39.62
2025-11,60-89,120+,11.13
2025-11,60-89,Write-off,8.18
2025-11,90-119,Current,2.5
2025-11,90-119,1-29,2.05
2025-11,90-119,30-59,2.91
2025-11,90-119,60-89,5.35
2025-11,90-119,90-119,18.7
2025-11,90-119,120+,46.31
2025-11,90-119,Write-off,26.44
2025-11,120+,Current,1.17
2025-11,120+,1-29,0.91
2025-11,120+,30-59,1.05
2025-11,120+,60-89,1.87
2025-11,120+,90-119,3.16
2025-11,120+,120+,29.65
2025-11,120+,Write-off,58.54
2025-12,Current,Current,89.83
2025-12,Current,1-29,6.4
2025-12,Current,30-59,1.59
2025-12,Current,60-89,0.27
2025-12,Current,90-119,0.1
2025-12,Current,120+,0.1
2025-12,Current,Write-off,0.1
2025-12,1-29,Current,35.23
2025-12,1-29,1-29,29.26
2025-12,1-29,30-59,30.45
2025-12,1-29,60-89,6.35
2025-12,1-29,90-119,1.83
2025-12,1-29,120+,0.98
2025-12,1-29,Write-off,1.11
2025-12,30-59,Current,11.91
2025-12,30-59,1-29,10.33
2025-12,30-59,30-59,23.79
2025-12,30-59,60-89,41.08
2025-12,30-59,90-119,8.44
2025-12,30-59,120+,3.67
2025-12,30-59,Write-off,3.2
2025-12,60-89,Current,4.07
2025-12,60-89,1-29,4.94
2025-12,60-89,30-59,8.11
2025-12,60-89,60-89,23.63
2025-12,60-89,90-119,37.72
2025-12,60-89,120+,11.94
2025-12,60-89,Write-off,7.6
2025-12,90-119,Current,2.09
2025-12,90-119,1-29,1.83
2025-12,90-119,30-59,2.87
2025-12,90-119,60-89,4.54
2025-12,90-119,90-119,18.94
2025-12,90-119,120+,47.55
2025-12,90-119,Write-off,25.13
2025-12,120+,Current,1.03
2025-12,120+,1-29,0.87
2025-12,120+,30-59,1.0
2025-12,120+,60-89,2.04
2025-12,120+,90-119,3.7
2025-12,120+,120+,29.15
2025-12,120+,Write-off,68.47
2026-01,Current,Current,99.0
2026-01,Current,1-29,6.08
2026-01,Current,30-59,1.7
2026-01,Current,60-89,0.31
2026-01,Current,90-119,0.1
2026-01,Current,120+,0.1
2026-01,Current,Write-off,0.1
2026-01,1-29,Current,38.7
2026-01,1-29,1-29,28.5
2026-01,1-29,30-59,22.81
2026-01,1-29,60-89,6.01
2026-01,1-29,90-119,1.91
2026-01,1-29,120+,1.01
2026-01,1-29,Write-off,1.12
2026-01,30-59,Current,9.81
2026-01,30-59,1-29,11.85
2026-01,30-59,30-59,28.13
2026-01,30-59,60-89,38.01
2026-01,30-59,90-119,6.71
2026-01,30-59,120+,3.77
2026-01,30-59,Write-off,3.1
2026-01,60-89,Current,5.57
2026-01,60-89,1-29,4.76
2026-01,60-89,30-59,6.73
2026-01,60-89,60-89,23.09
2026-01,60-89,90-119,38.69
2026-01,60-89,120+,10.75
2026-01,60-89,Write-off,7.74
2026-01,90-119,Current,2.01
2026-01,90-119,1-29,1.89
2026-01,90-119,30-59,2.44
2026-01,90-119,60-89,5.31
2026-01,90-119,90-119,19.84
2026-01,90-119,120+,46.94
2026-01,90-119,Write-off,23.17
2026-01,120+,Current,1.0
2026-01,120+,1-29,0.99
2026-01,120+,30-59,1.07
2026-01,120+,60-89,2.14
2026-01,120+,90-119,2.88
2026-01,120+,120+,32.21
2026-01,120+,Write-off,63.27
2026-02,Current,Current,99.0
2026-02,Current,1-29,6.31
2026-02,Current,30-59,1.59
2026-02,Current,60-89,0.3
2026-02,Current,90-119,0.11
2026-02,Current,120+,0.1
2026-02,Current,Write-off,0.1
2026-02,1-29,Current,39.24
2026-02,1-29,1-29,31.67
2026-02,1-29,30-59,24.34
2026-02,1-29,60-89,5.82
2026-02,1-29,90-119,2.07
2026-02,1-29,120+,1.05
2026-02,1-29,Write-off,1.02
2026-02,30-59,Current,10.34
2026-02,30-59,1-29,13.58
2026-02,30-59,30-59,30.4
2026-02,30-59,60-89,35.85
2026-02,30-59,90-119,8.67
2026-02,30-59,120+,3.65
2026-02,30-59,Write-off,3.12
2026-02,60-89,Current,5.77
2026-02,60-89,1-29,4.89
2026-02,60-89,30-59,7.42
2026-02,60-89,60-89,20.85
2026-02,60-89,90-119,36.87
2026-02,60-89,120+,11.19
2026-02,60-89,Write-off,7.83
2026-02,90-119,Current,1.79
2026-02,90-119,1-29,1.99
2026-02,90-119,30-59,3.2
2026-02,90-119,60-89,4.61
2026-02,90-119,90-119,20.19
2026-02,90-119,120+,46.64
2026-02,90-119,Write-off,27.29
2026-02,120+,Current,0.96
2026-02,120+,1-29,1.06
2026-02,120+,30-59,0.92
2026-02,120+,60-89,2.16
2026-02,120+,90-119,3.07
2026-02,120+,120+,33.42
2026-02,120+,Write-off,54.9
2026-03,Current,Current,85.41
2026-03,Current,1-29,6.29
2026-03,Current,30-59,1.39
2026-03,Current,60-89,0.31
2026-03,Current,90-119,0.1
2026-03,Current,120+,0.1
2026-03,Current,Write-off,0.1
2026-03,1-29,Current,36.55
2026-03,1-29,1-29,31.5
2026-03,1-29,30-59,23.61
2026-03,1-29,60-89,6.28
2026-03,1-29,90-119,2.04
2026-03,1-29,120+,0.96
2026-03,1-29,Write-off,0.92
2026-03,30-59,Current,8.43
2026-03,30-59,1-29,12.34
2026-03,30-59,30-59,24.49
2026-03,30-59,60-89,35.27
2026-03,30-59,90-119,7.83
2026-03,30-59,120+,4.22
2026-03,30-59,Write-off,2.93
2026-03,60-89,Current,4.87
2026-03,60-89,1-29,5.29
2026-03,60-89,30-59,8.21
2026-03,60-89,60-89,22.56
2026-03,60-89,90-119,41.5
2026-03,60-89,120+,10.53
2026-03,60-89,Write-off,8.48
2026-03,90-119,Current,2.1
2026-03,90-119,1-29,1.84
2026-03,90-119,30-59,2.94
2026-03,90-119,60-89,4.98
2026-03,90-119,90-119,17.81
2026-03,90-119,120+,46.2
2026-03,90-119,Write-off,27.86
2026-03,120+,Current,1.09
2026-03,120+,1-29,0.9
2026-03,120+,30-59,1.05
2026-03,120+,60-89,2.21
2026-03,120+,90-119,3.09
2026-03,120+,120+,34.79
2026-03,120+,Write-off,69.66
2026-04,Current,Current,99.0
2026-04,Current,1-29,6.14
2026-04,Current,30-59,1.63
2026-04,Current,60-89,0.3
2026-04,Current,90-119,0.1
2026-04,Current,120+,0.1
2026-04,Current,Write-off,0.1
2026-04,1-29,Current,32.5
2026-04,1-29,1-29,33.68
2026-04,1-29,30-59,25.85
2026-04,1-29,60-89,5.29
2026-04,1-29,90-119,2.05
2026-04,1-29,120+,0.83
2026-04,1-29,Write-off,1.04
2026-04,30-59,Current,10.65
2026-04,30-59,1-29,11.47
2026-04,30-59,30-59,28.28
2026-04,30-59,60-89,40.26
2026-04,30-59,90-119,7.63
2026-04,30-59,120+,3.67
2026-04,30-59,Write-off,3.34
2026-04,60-89,Current,5.76
2026-04,60-89,1-29,5.02
2026-04,60-89,30-59,8.67
2026-04,60-89,60-89,24.36
2026-04,60-89,90-119,37.38
2026-04,60-89,120+,11.57
2026-04,60-89,Write-off,8.74
2026-04,90-119,Current,2.26
2026-04,90-119,1-29,2.1
2026-04,90-119,30-59,2.8
2026-04,90-119,60-89,5.81
2026-04,90-119,90-119,17.24
2026-04,90-119,120+,43.93
2026-04,90-119,Write-off,25.53
2026-04,120+,Current,1.12
2026-04,120+,1-29,1.07
2026-04,120+,30-59,1.03
2026-04,120+,60-89,2.06
2026-04,120+,90-119,2.99
2026-04,120+,120+,33.43
2026-04,120+,Write-off,47.5
2026-05,Current,Current,89.82
2026-05,Current,1-29,6.14
2026-05,Current,30-59,1.37
2026-05,Current,60-89,0.31
2026-05,Current,90-119,0.1
2026-05,Current,120+,0.1
2026-05,Current,Write-off,0.1
2026-05,1-29,Current,33.38
2026-05,1-29,1-29,29.64
2026-05,1-29,30-59,24.63
2026-05,1-29,60-89,5.73
2026-05,1-29,90-119,2.01
2026-05,1-29,120+,0.93
2026-05,1-29,Write-off,0.9
2026-05,30-59,Current,10.41
2026-05,30-59,1-29,12.66
2026-05,30-59,30-59,26.2
2026-05,30-59,60-89,37.19
2026-05,30-59,90-119,7.52
2026-05,30-59,120+,4.1
2026-05,30-59,Write-off,3.17
2026-05,60-89,Current,4.94
2026-05,60-89,1-29,5.2
2026-05,60-89,30-59,7.71
2026-05,60-89,60-89,21.65
2026-05,60-89,90-119,38.98
2026-05,60-89,120+,11.34
2026-05,60-89,Write-off,7.81
2026-05,90-119,Current,1.73
2026-05,90-119,1-29,1.93
2026-05,90-119,30-59,2.95
2026-05,90-119,60-89,4.92
2026-05,90-119,90-119,17.65
2026-05,90-119,120+,44.98
2026-05,90-119,Write-off,25.73
2026-05,120+,Current,1.06
2026-05,120+,1-29,0.95
2026-05,120+,30-59,0.89
2026-05,120+,60-89,1.82
2026-05,120+,90-119,2.86
2026-05,120+,120+,31.1
2026-05,120+,Write-off,55.76
2026-06,Current,Current,82.46
2026-06,Current,1-29,5.82
2026-06,Current,30-59,1.53
2026-06,Current,60-89,0.32
2026-06,Current,90-119,0.1
2026-06,Current,120+,0.1
2026-06,Current,Write-off,0.1
2026-06,1-29,Current,34.49
2026-06,1-29,1-29,27.96
2026-06,1-29,30-59,25.85
2026-06,1-29,60-89,5.07
2026-06,1-29,90-119,1.92
2026-06,1-29,120+,1.01
2026-06,1-29,Write-off,1.0
2026-06,30-59,Current,12.03
2026-06,30-59,1-29,12.41
2026-06,30-59,30-59,25.75
2026-06,30-59,60-89,34.31
2026-06,30-59,90-119,6.77
2026-06,30-59,120+,4.0
2026-06,30-59,Write-off,2.76
2026-06,60-89,Current,5.31
2026-06,60-89,1-29,4.81
2026-06,60-89,30-59,7.97
2026-06,60-89,60-89,20.88
2026-06,60-89,90-119,45.08
2026-06,60-89,120+,11.76
2026-06,60-89,Write-off,9.08
2026-06,90-119,Current,2.11
2026-06,90-119,1-29,2.09
2026-06,90-119,30-59,3.11
2026-06,90-119,60-89,5.19
2026-06,90-119,90-119,15.22
2026-06,90-119,120+,44.27
2026-06,90-119,Write-off,26.39
2026-06,120+,Current,0.98
2026-06,120+,1-29,0.89
2026-06,120+,30-59,0.98
2026-06,120+,60-89,2.25
2026-06,120+,90-119,3.26
2026-06,120+,120+,31.84
2026-06,120+,Write-off,63.85
2026-07,Current,Current,89.3
2026-07,Current,1-29,5.21
2026-07,Current,30-59,1.4
2026-07,Current,60-89,0.34
2026-07,Current,90-119,0.1
2026-07,Current,120+,0.1
2026-07,Current,Write-off,0.1
2026-07,1-29,Current,40.02
2026-07,1-29,1-29,33.9
2026-07,1-29,30-59,29.21
2026-07,1-29,60-89,5.87
2026-07,1-29,90-119,2.03
2026-07,1-29,120+,0.87
2026-07,1-29,Write-off,1.11
2026-07,30-59,Current,8.98
2026-07,30-59,1-29,12.26
2026-07,30-59,30-59,25.54
2026-07,30-59,60-89,33.04
2026-07,30-59,90-119,7.39
2026-07,30-59,120+,3.82
2026-07,30-59,Write-off,2.84
2026-07,60-89,Current,4.74
2026-07,60-89,1-29,5.36
2026-07,60-89,30-59,7.33
2026-07,60-89,60-89,22.39
2026-07,60-89,90-119,43.54
2026-07,60-89,120+,11.56
2026-07,60-89,Write-off,7.47
2026-07,90-119,Current,1.95
2026-07,90-119,1-29,2.2
2026-07,90-119,30-59,3.06
2026-07,90-119,60-89,4.81
2026-07,90-119,90-119,18.7
2026-07,90-119,120+,41.23
2026-07,90-119,Write-off,26.14
2026-07,120+,Current,1.02
2026-07,120+,1-29,0.98
2026-07,120+,30-59,0.92
2026-07,120+,60-89,1.84
2026-07,120+,90-119,3.1
2026-07,120+,120+,35.15
2026-07,120+,Write-off,56.4
2026-08,Current,Current,95.37
2026-08,Current,1-29,5.02
2026-08,Current,30-59,1.43
2026-08,Current,60-89,0.3
2026-08,Current,90-119,0.1
2026-08,Current,120+,0.1
2026-08,Current,Write-off,0.1
2026-08,1-29,Current,35.61
2026-08,1-29,1-29,29.55
2026-08,1-29,30-59,20.37
2026-08,1-29,60-89,4.95
2026-08,1-29,90-119,1.89
2026-08,1-29,120+,1.03
2026-08,1-29,Write-off,0.77
2026-08,30-59,Current,9.54
2026-08,30-59,1-29,11.53
2026-08,30-59,30-59,31.11
2026-08,30-59,60-89,33.71
2026-08,30-59,90-119,8.2
2026-08,30-59,120+,4.06
2026-08,30-59,Write-off,2.47
2026-08,60-89,Current,5.28
2026-08,60-89,1-29,5.1
2026-08,60-89,30-59,8.35
2026-08,60-89,60-89,28.91
2026-08,60-89,90-119,33.09
2026-08,60-89,120+,13.69
2026-08,60-89,Write-off,7.77
2026-08,90-119,Current,2.03
2026-08,90-119,1-29,2.0
2026-08,90-119,30-59,2.91
2026-08,90-119,60-89,4.79
2026-08,90-119,90-119,18.47
2026-08,90-119,120+,39.67
2026-08,90-119,Write-off,26.35
2026-08,120+,Current,0.96
2026-08,120+,1-29,0.91
2026-08,120+,30-59,0.96
2026-08,120+,60-89,2.19
2026-08,120+,90-119,2.85
2026-08,120+,120+,32.92
2026-08,120+,Write-off,56.13
2026-09,Current,Current,97.58
2026-09,Current,1-29,6.33
2026-09,Current,30-59,1.72
2026-09,Current,60-89,0.3
2026-09,Current,90-119,0.11
2026-09,Current,120+,0.1
2026-09,Current,Write-off,0.1
2026-09,1-29,Current,32.99
2026-09,1-29,1-29,31.79
2026-09,1-29,30-59,24.61
2026-09,1-29,60-89,5.97
2026-09,1-29,90-119,2.01
2026-09,1-29,120+,1.02
2026-09,1-29,Write-off,0.99
2026-09,30-59,Current,10.17
2026-09,30-59,1-29,13.51
2026-09,30-59,30-59,30.21
2026-09,30-59,60-89,37.43
2026-09,30-59,90-119,7.71
2026-09,30-59,120+,3.72
2026-09,30-59,Write-off,3.23
2026-09,60-89,Current,5.35
2026-09,60-89,1-29,5.59
2026-09,60-89,30-59,7.61
2026-09,60-89,60-89,21.6
2026-09,60-89,90-119,34.75
2026-09,60-89,120+,11.62
2026-09,60-89,Write-off,8.64
2026-09,90-119,Current,1.93
2026-09,90-119,1-29,2.1
2026-09,90-119,30-59,2.95
2026-09,90-119,60-89,5.13
2026-09,90-119,90-119,16.35
2026-09,90-119,120+,45.31
2026-09,90-119,Write-off,19.02
2026-09,120+,Current,0.99
2026-09,120+,1-29,0.87
2026-09,120+,30-59,1.1
2026-09,120+,60-89,2.12
2026-09,120+,90-119,3.11
2026-09,120+,120+,35.89
2026-09,120+,Write-off,55.45
