origination_month,months_on_books,cumulative_default_rate
2024-10,1,1.752
2024-10,2,2.331
2024-10,3,3.017
2024-10,4,3.592
2024-10,5,3.9
2024-10,6,4.382
2024-10,7,4.086
2024-10,8,4.333
2024-10,9,4.427
2024-10,10,4.899
2024-10,11,5.101
2024-10,12,4.773
2024-11,1,1.274
2024-11,2,2.396
2024-11,3,2.625
2024-11,4,3.322
2024-11,5,3.802
2024-11,6,3.945
2024-11,7,4.053
2024-11,8,4.338
2024-11,9,3.684
2024-11,10,4.423
2024-11,11,4.202
2024-11,12,3.999
2024-12,1,1.692
2024-12,2,2.406
2024-12,3,3.352
2024-12,4,4.005
2024-12,5,4.319
2024-12,6,4.652
2024-12,7,4.664
2024-12,8,4.668
2024-12,9,4.431
2024-12,10,4.773
2024-12,11,4.704
2024-12,12,5.343
2025-01,1,1.283
2025-01,2,2.271
2025-01,3,2.816
2025-01,4,3.609
2025-01,5,3.477
2025-01,6,3.879
2025-01,7,3.862
2025-01,8,3.868
2025-01,9,4.097
2025-01,10,4.275
2025-01,11,4.241
2025-01,12,4.221
2025-02,1,0.958
2025-02,2,1.372
2025-02,3,2.325
2025-02,4,2.548
2025-02,5,2.497
2025-02,6,2.911
2025-02,7,2.954
2025-02,8,3.263
2025-02,9,3.535
2025-02,10,2.94
2025-02,11,3.373
2025-02,12,3.343
2025-03,1,1.497
2025-03,2,2.346
2025-03,3,3.18
2025-03,4,3.619
2025-03,5,4.377
2025-03,6,4.441
2025-03,7,5.014
2025-03,8,4.762
2025-03,9,4.734
2025-03,10,4.645
2025-03,11,4.639
2025-03,12,4.72
2025-04,1,1.463
2025-04,2,2.02
2025-04,3,3.214
2025-04,4,3.439
2025-04,5,3.924
2025-04,6,4.474
2025-04,7,4.515
2025-04,8,4.414
2025-04,9,4.384
2025-04,10,4.2
2025-04,11,4.535
2025-04,12,4.671
2025-05,1,1.045
2025-05,2,1.854
2025-05,3,2.344
2025-05,4,2.653
2025-05,5,3.099
2025-05,6,3.356
2025-05,7,3.195
2025-05,8,3.799
2025-05,9,3.572
2025-05,10,3.648
2025-05,11,3.825
2025-05,12,3.757
2025-06,1,2.155
2025-06,2,3.477
2025-06,3,4.749
2025-06,4,5.219
2025-06,5,6.022
2025-06,6,6.39
2025-06,7,6.639
2025-06,8,6.858
2025-06,9,6.653
2025-06,10,7.024
2025-06,11,7.227
2025-06,12,7.294
2025-07,1,1.893
2025-07,2,2.641
2025-07,3,3.85
2025-07,4,4.345
2025-07,5,4.562
2025-07,6,5.356
2025-07,7,4.984
2025-07,8,5.566
2025-07,9,5.696
2025-07,10,5.443
2025-07,11,5.914
2025-07,12,5.628
2025-08,1,1.996
2025-08,2,3.309
2025-08,3,4.496
2025-08,4,5.208
2025-08,5,5.212
2025-08,6,6.189
2025-08,7,5.859
2025-08,8,6.587
2025-08,9,6.741
2025-08,10,6.394
2025-08,11,6.599
2025-08,12,6.51
2025-09,1,1.766
2025-09,2,3.293
2025-09,3,4.337
2025-09,4,5.026
2025-09,5,5.116
2025-09,6,5.532
2025-09,7,5.484
2025-09,8,5.837
2025-09,9,6.318
2025-09,10,6.539
2025-09,11,6.034
2025-09,12,6.21
2025-10,1,1.927
2025-10,2,3.049
2025-10,3,4.257
2025-10,4,4.765
2025-10,5,5.35
2025-10,6,5.816
2025-10,7,5.961
2025-10,8,6.054
2025-10,9,6.249
2025-10,10,6.347
2025-10,11,6.357
2025-10,12,6.427
2025-11,1,1.781
2025-11,2,2.805
2025-11,3,3.861
2025-11,4,4.268
2025-11,5,5.01
2025-11,6,5.164
2025-11,7,5.294
2025-11,8,5.567
2025-11,9,5.279
2025-11,10,5.451
2025-11,11,5.497
2025-12,1,1.679
2025-12,2,2.733
2025-12,3,3.099
2025-12,4,3.562
2025-12,5,3.452
2025-12,6,3.956
2025-12,7,4.087
2025-12,8,4.25
2025-12,9,4.433
2025-12,10,4.438
2026-01,1,0.992
2026-01,2,1.231
2026-01,3,1.926
2026-01,4,2.603
2026-01,5,2.226
2026-01,6,2.063
2026-01,7,2.626
2026-01,8,2.985
2026-01,9,3.215
2026-02,1,1.115
2026-02,2,1.65
2026-02,3,2.243
2026-02,4,3.167
2026-02,5,2.605
2026-02,6,3.148
2026-02,7,3.328
2026-02,8,3.55
2026-03,1,1.384
2026-03,2,2.191
2026-03,3,3.002
2026-03,4,3.366
2026-03,5,3.907
2026-03,6,3.959
2026-03,7,4.287
