DEPARTAMENTO ADMINISTRATIVO NACIONAL DE ESTADÍSTICA - DANE;;;;;;
Proyecciones de población por departamento;;;;;;
Fuente: Censo Nacional de Población y Vivienda 2018;;;;;;
;;;;;;
Departamento;Capital;2022;2023;2024;2025;2026
Amazonas;Leticia;79610;80213;80845;81499;82177
Antioquia;Medellín;6.977.984;7.010.812;7044013;7077587;7111532
Arauca;Arauca;283642;285178;286733;288306;289897
ATLANTICO;Barranquilla;2685908;2703946;2722128;2740453;2758919
Bolívar;Cartagena;2199072;2217474;2236073;2254868;2273859
Boyacá;Tunja;1264263;1266914;1269581;1272263;1274962
Caldas;Manizales;1003475;1005681;1007896;1010119;1012351
CAQUETA;Florencia;510042;514239;518476;522752;527068
Casanare;Yopal;439093;443929;448813;453745;458726
Cauca;Popayán;1491508;1498835;1506202;1513608;1521053
;;;;;;
Cesar;Valledupar;1243975;1254247;;1275069;1285618
Chocó;Quibdó;544764;549010;553294;557615;561974
Córdoba;Montería;1879265;1894102;1909071;1924171;1939401
Cundinamarca ;Bogotá;3190224;3216396;3242999;3270034;3297502
Guainía;Inírida;50834;51642;52466;53305;54160
Guaviare;;87844;88716;89601;90498;91408
Huila;Neiva;1211163;1218608;1226096;1233627;1241201
LA GUAJIRA;Riohacha;1067063;1085284;1103729;1122397;1141289
Magdalena;Santa Marta;1398882;1411847;1424937;1438150;1451487
Meta;Villavicencio;1063454;1076393;1089466;1102672;1116012
;;;;;;
Nariño;Pasto;1866347;1876194;1886097*;1896055;1906068
Nte. de Santander;Cúcuta;1491689;1503977;1516381;1528900;1541533
Putumayo;Mocoa;371425;375414;379441;383506;387610
Quindío;Armenia;579411;581668;583935;586212;588500
Risaralda;Pereira;994532;998990;1003466;1007960;1012472
San Andrés;San Andrés;83403;83804;84208;;
Santander;Bucaramanga;2218023;2227148;2236327;2245560;2254847
Sucre;Sincelejo;921868;929591 (p);937393;945274;953233
Tolima;Ibagué;1412710;1413905;1415107;1416317;1417535
Valle del Cauca;Cali;4 832 005;4 852 663;4873548;4894660;4915999
Vaupés;Mitú;46381;47143;47919;48708;49511
Vichada;Puerto Carreño;112958;115618;118341;121128;123980
;;;;;;
* Dato preliminar;;;;;;
(p) Dato proyectado;;;;;;
Nota: Las proyecciones se basan en el CNPV 2018;;;;;;
