departamento,ano,trimestre,fecha,tasa_desempleo,tasa_ocupacion,tasa_informalidad
Amazonas,2020,I,2020-01-01,11.7,51.3,58.7
Amazonas,2020,II,2020-04-01,18.1,39.3,71.1
Amazonas,2020,III,2020-07-01,14.9,43.3,67.5
Amazonas,2020,IV,2020-10-01,14.8,45.3,63.4
Amazonas,2021,I,2021-01-01,12.5,50.3,63.1
Amazonas,2021,II,2021-04-01,11.4,49.7,61.5
Amazonas,2021,III,2021-07-01,10.6,47.8,61.8
Amazonas,2021,IV,2021-10-01,11.4,44.1,59.7
Amazonas,2022,I,2022-01-01,11.0,49.3,58.0
Amazonas,2022,II,2022-04-01,10.1,54.8,57.1
Amazonas,2022,III,2022-07-01,10.6,49.1,58.3
Amazonas,2022,IV,2022-10-01,11.4,47.5,60.7
Amazonas,2023,I,2023-01-01,10.3,52.5,60.1
Amazonas,2023,II,2023-04-01,9.7,47.4,58.6
Amazonas,2023,III,2023-07-01,10.4,45.2,58.9
Amazonas,2023,IV,2023-10-01,10.2,54.6,58.0
Amazonas,2024,I,2024-01-01,10.6,53.6,57.5
Amazonas,2024,II,2024-04-01,9.5,52.4,55.5
Amazonas,2024,III,2024-07-01,9.5,50.3,56.4
Amazonas,2024,IV,2024-10-01,10.8,53.6,56.5
Antioquia,2020,I,2020-01-01,11.8,49.2,44.3
Antioquia,2020,II,2020-04-01,18.8,39.3,54.0
Antioquia,2020,III,2020-07-01,15.0,41.4,48.8
Antioquia,2020,IV,2020-10-01,15.0,43.9,45.6
Antioquia,2021,I,2021-01-01,12.2,51.4,42.8
Antioquia,2021,II,2021-04-01,11.5,52.0,42.6
Antioquia,2021,III,2021-07-01,11.4,45.9,44.3
Antioquia,2021,IV,2021-10-01,12.3,51.5,44.0
Antioquia,2022,I,2022-01-01,10.7,53.6,41.4
Antioquia,2022,II,2022-04-01,10.7,53.8,41.1
Antioquia,2022,III,2022-07-01,10.3,46.5,41.8
Antioquia,2022,IV,2022-10-01,11.1,50.2,40.7
Antioquia,2023,I,2023-01-01,11.2,44.6,42.6
Antioquia,2023,II,2023-04-01,10.3,50.3,41.2
Antioquia,2023,III,2023-07-01,10.3,48.2,41.2
Antioquia,2023,IV,2023-10-01,11.4,46.4,40.9
Antioquia,2024,I,2024-01-01,10.9,47.4,40.8
Antioquia,2024,II,2024-04-01,10.0,47.5,40.2
Antioquia,2024,III,2024-07-01,9.9,45.5,40.8
Antioquia,2024,IV,2024-10-01,10.8,45.1,42.8
Arauca,2020,I,2020-01-01,15.6,44.1,64.0
Arauca,2020,II,2020-04-01,23.2,33.0,74.0
Arauca,2020,III,2020-07-01,19.7,39.2,67.9
Arauca,2020,IV,2020-10-01,18.6,40.4,68.1
Arauca,2021,I,2021-01-01,16.1,44.5,62.2
Arauca,2021,II,2021-04-01,15.4,46.1,63.1
Arauca,2021,III,2021-07-01,14.4,41.0,60.2
Arauca,2021,IV,2021-10-01,15.1,48.2,61.9
Arauca,2022,I,2022-01-01,14.0,43.6,61.9
Arauca,2022,II,2022-04-01,12.9,43.5,59.4
Arauca,2022,III,2022-07-01,12.8,51.1,60.3
Arauca,2022,IV,2022-10-01,13.3,48.6,60.9
Arauca,2023,I,2023-01-01,13.8,49.5,61.1
Arauca,2023,II,2023-04-01,12.9,50.0,60.9
Arauca,2023,III,2023-07-01,13.0,47.3,59.9
Arauca,2023,IV,2023-10-01,13.9,44.8,61.0
Arauca,2024,I,2024-01-01,13.6,49.4,57.1
Arauca,2024,II,2024-04-01,12.2,49.7,59.8
Arauca,2024,III,2024-07-01,13.0,47.8,58.8
Arauca,2024,IV,2024-10-01,13.6,41.9,59.8
Atlántico,2020,I,2020-01-01,10.8,46.6,59.1
Atlántico,2020,II,2020-04-01,17.8,43.2,66.7
Atlántico,2020,III,2020-07-01,14.1,49.6,61.6
Atlántico,2020,IV,2020-10-01,13.2,43.3,61.1
Atlántico,2021,I,2021-01-01,11.4,44.1,56.2
Atlántico,2021,II,2021-04-01,10.5,51.8,57.5
Atlántico,2021,III,2021-07-01,10.7,50.5,58.2
Atlántico,2021,IV,2021-10-01,11.3,48.9,58.0
Atlántico,2022,I,2022-01-01,10.4,49.8,53.7
Atlántico,2022,II,2022-04-01,9.2,53.4,55.0
Atlántico,2022,III,2022-07-01,9.0,52.7,55.2
Atlántico,2022,IV,2022-10-01,10.0,47.7,55.5
Atlántico,2023,I,2023-01-01,9.8,48.9,55.2
Atlántico,2023,II,2023-04-01,9.3,54.0,55.3
Atlántico,2023,III,2023-07-01,8.8,55.8,54.2
Atlántico,2023,IV,2023-10-01,9.7,47.7,53.4
Atlántico,2024,I,2024-01-01,9.5,48.5,54.2
Atlántico,2024,II,2024-04-01,9.5,54.3,53.1
Atlántico,2024,III,2024-07-01,8.8,52.5,54.8
Atlántico,2024,IV,2024-10-01,9.5,49.9,55.4
Bogotá D.C.,2020,I,2020-01-01,12.8,44.0,38.3
Bogotá D.C.,2020,II,2020-04-01,20.1,37.7,49.0
Bogotá D.C.,2020,III,2020-07-01,15.6,48.5,45.2
Bogotá D.C.,2020,IV,2020-10-01,15.4,47.9,43.2
Bogotá D.C.,2021,I,2021-01-01,13.4,45.5,41.1
Bogotá D.C.,2021,II,2021-04-01,12.4,49.2,38.5
Bogotá D.C.,2021,III,2021-07-01,11.5,47.2,38.6
Bogotá D.C.,2021,IV,2021-10-01,12.0,51.9,39.2
Bogotá D.C.,2022,I,2022-01-01,12.0,45.7,37.0
Bogotá D.C.,2022,II,2022-04-01,10.8,47.4,37.3
Bogotá D.C.,2022,III,2022-07-01,11.1,51.5,38.3
Bogotá D.C.,2022,IV,2022-10-01,12.0,44.3,37.2
Bogotá D.C.,2023,I,2023-01-01,11.6,44.6,39.3
Bogotá D.C.,2023,II,2023-04-01,11.1,50.2,37.7
Bogotá D.C.,2023,III,2023-07-01,10.1,50.9,37.7
Bogotá D.C.,2023,IV,2023-10-01,11.0,44.6,39.4
Bogotá D.C.,2024,I,2024-01-01,11.3,50.7,36.9
Bogotá D.C.,2024,II,2024-04-01,10.5,53.8,37.6
Bogotá D.C.,2024,III,2024-07-01,10.4,51.4,37.5
Bogotá D.C.,2024,IV,2024-10-01,11.0,45.7,36.6
Bolívar,2020,I,2020-01-01,9.5,49.4,60.1
Bolívar,2020,II,2020-04-01,14.7,50.1,74.1
Bolívar,2020,III,2020-07-01,11.6,49.4,66.9
Bolívar,2020,IV,2020-10-01,11.5,51.2,63.5
Bolívar,2021,I,2021-01-01,10.1,52.8,61.4
Bolívar,2021,II,2021-04-01,8.7,50.6,59.9
Bolívar,2021,III,2021-07-01,8.6,56.1,58.2
Bolívar,2021,IV,2021-10-01,9.4,53.8,58.2
Bolívar,2022,I,2022-01-01,8.8,53.7,58.5
Bolívar,2022,II,2022-04-01,8.0,57.0,58.8
Bolívar,2022,III,2022-07-01,7.9,47.7,60.3
Bolívar,2022,IV,2022-10-01,8.2,50.9,57.4
Bolívar,2023,I,2023-01-01,7.9,47.9,55.9
Bolívar,2023,II,2023-04-01,7.9,54.8,58.1
Bolívar,2023,III,2023-07-01,7.5,49.0,57.5
Bolívar,2023,IV,2023-10-01,8.1,48.9,56.1
Bolívar,2024,I,2024-01-01,8.2,54.3,59.0
Bolívar,2024,II,2024-04-01,7.5,51.0,58.2
Bolívar,2024,III,2024-07-01,7.6,48.7,57.6
Bolívar,2024,IV,2024-10-01,8.0,51.8,58.3
Boyacá,2020,I,2020-01-01,8.7,51.1,62.2
Boyacá,2020,II,2020-04-01,13.4,43.9,76.5
Boyacá,2020,III,2020-07-01,10.9,46.2,69.2
Boyacá,2020,IV,2020-10-01,10.1,54.3,66.4
Boyacá,2021,I,2021-01-01,8.7,53.4,64.1
Boyacá,2021,II,2021-04-01,8.9,53.6,65.2
Boyacá,2021,III,2021-07-01,8.0,49.7,62.2
Boyacá,2021,IV,2021-10-01,8.5,55.1,62.6
Boyacá,2022,I,2022-01-01,7.8,52.7,64.7
Boyacá,2022,II,2022-04-01,7.3,55.4,63.0
Boyacá,2022,III,2022-07-01,7.7,53.5,61.8
Boyacá,2022,IV,2022-10-01,8.0,53.2,62.7
Boyacá,2023,I,2023-01-01,8.0,56.8,60.5
Boyacá,2023,II,2023-04-01,7.3,51.5,63.4
Boyacá,2023,III,2023-07-01,7.0,58.0,60.2
Boyacá,2023,IV,2023-10-01,7.9,50.2,64.5
Boyacá,2024,I,2024-01-01,7.5,53.3,63.6
Boyacá,2024,II,2024-04-01,7.5,48.5,60.6
Boyacá,2024,III,2024-07-01,7.3,49.6,60.6
Boyacá,2024,IV,2024-10-01,7.6,48.1,60.4
Caldas,2020,I,2020-01-01,11.9,52.1,49.7
Caldas,2020,II,2020-04-01,19.3,43.3,57.8
Caldas,2020,III,2020-07-01,15.5,49.3,54.9
Caldas,2020,IV,2020-10-01,14.0,47.2,52.0
Caldas,2021,I,2021-01-01,12.4,45.0,50.5
Caldas,2021,II,2021-04-01,12.1,48.6,50.2
Caldas,2021,III,2021-07-01,11.1,43.9,48.5
Caldas,2021,IV,2021-10-01,11.9,44.4,46.1
Caldas,2022,I,2022-01-01,10.8,46.4,45.2
Caldas,2022,II,2022-04-01,11.0,49.5,46.8
Caldas,2022,III,2022-07-01,10.9,53.2,45.0
Caldas,2022,IV,2022-10-01,11.3,47.4,48.2
Caldas,2023,I,2023-01-01,10.5,45.7,47.1
Caldas,2023,II,2023-04-01,10.5,54.3,47.6
Caldas,2023,III,2023-07-01,9.9,48.4,48.4
Caldas,2023,IV,2023-10-01,10.5,50.2,48.2
Caldas,2024,I,2024-01-01,10.3,46.3,47.4
Caldas,2024,II,2024-04-01,10.4,44.6,47.0
Caldas,2024,III,2024-07-01,9.6,47.0,47.2
Caldas,2024,IV,2024-10-01,10.7,53.3,45.4
Caquetá,2020,I,2020-01-01,12.9,49.6,69.0
Caquetá,2020,II,2020-04-01,19.6,42.7,77.6
Caquetá,2020,III,2020-07-01,17.0,39.7,72.7
Caquetá,2020,IV,2020-10-01,15.4,40.7,70.9
Caquetá,2021,I,2021-01-01,13.1,41.9,68.9
Caquetá,2021,II,2021-04-01,12.4,48.1,66.8
Caquetá,2021,III,2021-07-01,12.2,48.2,64.4
Caquetá,2021,IV,2021-10-01,12.5,51.2,65.7
Caquetá,2022,I,2022-01-01,11.9,47.1,62.3
Caquetá,2022,II,2022-04-01,11.3,45.9,64.9
Caquetá,2022,III,2022-07-01,10.9,46.2,64.0
Caquetá,2022,IV,2022-10-01,12.3,52.6,62.4
Caquetá,2023,I,2023-01-01,11.4,52.8,62.5
Caquetá,2023,II,2023-04-01,11.5,45.7,63.1
Caquetá,2023,III,2023-07-01,10.4,47.3,65.2
Caquetá,2023,IV,2023-10-01,11.3,48.2,64.8
Caquetá,2024,I,2024-01-01,10.8,53.1,61.3
Caquetá,2024,II,2024-04-01,11.2,50.8,62.9
Caquetá,2024,III,2024-07-01,10.1,48.4,62.5
Caquetá,2024,IV,2024-10-01,11.5,50.0,63.0
Casanare,2020,I,2020-01-01,10.5,51.2,58.7
Casanare,2020,II,2020-04-01,18.1,37.8,70.4
Casanare,2020,III,2020-07-01,14.6,44.1,64.0
Casanare,2020,IV,2020-10-01,13.5,41.9,60.7
Casanare,2021,I,2021-01-01,11.6,46.1,59.3
Casanare,2021,II,2021-04-01,10.8,54.0,57.7
Casanare,2021,III,2021-07-01,10.1,53.6,54.6
Casanare,2021,IV,2021-10-01,10.8,44.6,56.5
Casanare,2022,I,2022-01-01,10.3,53.0,54.4
Casanare,2022,II,2022-04-01,10.0,48.1,56.2
Casanare,2022,III,2022-07-01,9.2,49.1,54.5
Casanare,2022,IV,2022-10-01,9.9,53.5,53.8
Casanare,2023,I,2023-01-01,9.4,51.7,56.5
Casanare,2023,II,2023-04-01,9.5,51.8,55.5
Casanare,2023,III,2023-07-01,9.6,52.8,56.7
Casanare,2023,IV,2023-10-01,10.5,51.0,53.0
Casanare,2024,I,2024-01-01,9.8,46.0,54.0
Casanare,2024,II,2024-04-01,9.0,53.6,52.9
Casanare,2024,III,2024-07-01,9.2,52.9,56.4
Casanare,2024,IV,2024-10-01,9.7,54.0,55.3
Cauca,2020,I,2020-01-01,15.5,48.2,74.9
Cauca,2020,II,2020-04-01,23.7,33.6,90.0
Cauca,2020,III,2020-07-01,19.1,40.5,78.3
Cauca,2020,IV,2020-10-01,17.7,41.8,75.0
Cauca,2021,I,2021-01-01,15.4,45.8,75.2
Cauca,2021,II,2021-04-01,14.3,41.7,71.0
Cauca,2021,III,2021-07-01,14.0,46.0,70.8
Cauca,2021,IV,2021-10-01,15.0,40.1,69.2
Cauca,2022,I,2022-01-01,13.9,50.4,69.3
Cauca,2022,II,2022-04-01,13.5,41.8,72.5
Cauca,2022,III,2022-07-01,12.5,45.1,72.8
Cauca,2022,IV,2022-10-01,13.1,43.6,71.4
Cauca,2023,I,2023-01-01,13.8,46.7,70.5
Cauca,2023,II,2023-04-01,13.0,47.0,70.9
Cauca,2023,III,2023-07-01,12.1,52.5,68.1
Cauca,2023,IV,2023-10-01,14.1,46.6,71.8
Cauca,2024,I,2024-01-01,13.5,42.3,69.5
Cauca,2024,II,2024-04-01,12.2,46.7,70.8
Cauca,2024,III,2024-07-01,12.4,52.3,66.8
Cauca,2024,IV,2024-10-01,12.6,49.9,68.7
Cesar,2020,I,2020-01-01,11.3,46.1,63.6
Cesar,2020,II,2020-04-01,17.6,43.9,77.4
Cesar,2020,III,2020-07-01,15.0,49.7,68.6
Cesar,2020,IV,2020-10-01,14.2,45.4,64.4
Cesar,2021,I,2021-01-01,11.9,46.3,61.6
Cesar,2021,II,2021-04-01,10.9,45.7,62.1
Cesar,2021,III,2021-07-01,10.6,44.5,64.4
Cesar,2021,IV,2021-10-01,11.0,54.0,60.0
Cesar,2022,I,2022-01-01,10.9,47.1,59.2
Cesar,2022,II,2022-04-01,10.4,45.8,61.5
Cesar,2022,III,2022-07-01,9.3,50.4,59.2
Cesar,2022,IV,2022-10-01,10.3,50.8,60.0
Cesar,2023,I,2023-01-01,10.6,50.7,58.5
Cesar,2023,II,2023-04-01,9.5,50.9,59.1
Cesar,2023,III,2023-07-01,9.9,48.8,61.3
Cesar,2023,IV,2023-10-01,10.1,49.2,61.1
Cesar,2024,I,2024-01-01,9.5,51.5,60.6
Cesar,2024,II,2024-04-01,9.3,46.1,58.4
Cesar,2024,III,2024-07-01,9.0,49.1,62.1
Cesar,2024,IV,2024-10-01,10.5,49.2,59.0
Chocó,2020,I,2020-01-01,18.0,46.4,78.8
Chocó,2020,II,2020-04-01,29.5,33.0,100.8
Chocó,2020,III,2020-07-01,22.9,39.7,89.3
Chocó,2020,IV,2020-10-01,23.3,38.3,83.1
Chocó,2021,I,2021-01-01,19.8,44.3,81.5
Chocó,2021,II,2021-04-01,17.6,37.6,80.6
Chocó,2021,III,2021-07-01,17.3,38.1,81.3
Chocó,2021,IV,2021-10-01,19.1,41.6,82.0
Chocó,2022,I,2022-01-01,16.7,45.5,81.1
Chocó,2022,II,2022-04-01,16.4,47.2,78.6
Chocó,2022,III,2022-07-01,16.1,47.5,78.1
Chocó,2022,IV,2022-10-01,17.1,46.1,79.4
Chocó,2023,I,2023-01-01,16.5,42.5,78.0
Chocó,2023,II,2023-04-01,16.0,41.2,77.6
Chocó,2023,III,2023-07-01,16.2,39.8,77.4
Chocó,2023,IV,2023-10-01,16.2,43.9,77.0
Chocó,2024,I,2024-01-01,16.8,45.1,74.5
Chocó,2024,II,2024-04-01,15.1,41.1,74.9
Chocó,2024,III,2024-07-01,15.8,44.9,77.5
Chocó,2024,IV,2024-10-01,16.9,39.4,74.9
Córdoba,2020,I,2020-01-01,13.0,50.1,70.2
Córdoba,2020,II,2020-04-01,20.8,41.7,80.6
Córdoba,2020,III,2020-07-01,17.3,38.1,77.3
Córdoba,2020,IV,2020-10-01,14.8,48.0,72.3
Córdoba,2021,I,2021-01-01,13.1,46.7,66.0
Córdoba,2021,II,2021-04-01,12.6,47.6,70.0
Córdoba,2021,III,2021-07-01,11.8,44.2,66.2
Córdoba,2021,IV,2021-10-01,12.1,48.4,65.2
Córdoba,2022,I,2022-01-01,12.3,44.5,68.1
Córdoba,2022,II,2022-04-01,10.9,45.4,68.0
Córdoba,2022,III,2022-07-01,10.8,46.1,65.1
Córdoba,2022,IV,2022-10-01,11.6,46.6,64.9
Córdoba,2023,I,2023-01-01,11.3,47.3,66.2
Córdoba,2023,II,2023-04-01,10.5,54.2,65.6
Córdoba,2023,III,2023-07-01,10.4,53.5,67.7
Córdoba,2023,IV,2023-10-01,12.3,45.6,67.6
Córdoba,2024,I,2024-01-01,11.5,44.2,62.4
Córdoba,2024,II,2024-04-01,10.7,50.6,64.2
Córdoba,2024,III,2024-07-01,10.4,51.4,66.3
Córdoba,2024,IV,2024-10-01,12.0,43.8,64.4
Cundinamarca,2020,I,2020-01-01,10.3,52.4,45.8
Cundinamarca,2020,II,2020-04-01,16.7,42.9,54.2
Cundinamarca,2020,III,2020-07-01,13.1,44.0,52.7
Cundinamarca,2020,IV,2020-10-01,11.8,49.3,48.6
Cundinamarca,2021,I,2021-01-01,10.4,52.1,48.5
Cundinamarca,2021,II,2021-04-01,10.0,47.0,46.4
Cundinamarca,2021,III,2021-07-01,9.8,55.1,45.8
Cundinamarca,2021,IV,2021-10-01,9.7,52.6,46.9
Cundinamarca,2022,I,2022-01-01,9.0,47.2,45.5
Cundinamarca,2022,II,2022-04-01,9.3,55.5,43.6
Cundinamarca,2022,III,2022-07-01,8.3,46.8,45.1
Cundinamarca,2022,IV,2022-10-01,9.0,53.1,44.7
Cundinamarca,2023,I,2023-01-01,8.9,52.9,44.0
Cundinamarca,2023,II,2023-04-01,8.5,52.2,43.5
Cundinamarca,2023,III,2023-07-01,8.6,48.3,43.8
Cundinamarca,2023,IV,2023-10-01,9.4,48.7,44.3
Cundinamarca,2024,I,2024-01-01,8.8,54.8,45.1
Cundinamarca,2024,II,2024-04-01,9.0,48.2,43.6
Cundinamarca,2024,III,2024-07-01,8.3,51.6,43.9
Cundinamarca,2024,IV,2024-10-01,9.5,46.7,44.5
Huila,2020,I,2020-01-01,12.9,44.6,59.6
Huila,2020,II,2020-04-01,21.3,35.0,74.4
Huila,2020,III,2020-07-01,17.5,45.4,66.8
Huila,2020,IV,2020-10-01,16.3,47.0,65.5
Huila,2021,I,2021-01-01,13.5,43.0,58.1
Huila,2021,II,2021-04-01,12.4,52.4,57.9
Huila,2021,III,2021-07-01,11.8,52.4,60.4
Huila,2021,IV,2021-10-01,13.6,43.4,60.3
Huila,2022,I,2022-01-01,12.4,50.9,57.3
Huila,2022,II,2022-04-01,11.0,52.2,56.4
Huila,2022,III,2022-07-01,11.3,44.5,57.1
Huila,2022,IV,2022-10-01,12.5,45.9,56.9
Huila,2023,I,2023-01-01,11.3,51.5,56.1
Huila,2023,II,2023-04-01,11.3,50.5,58.2
Huila,2023,III,2023-07-01,11.2,52.7,59.1
Huila,2023,IV,2023-10-01,11.9,51.0,55.3
Huila,2024,I,2024-01-01,11.5,52.3,58.3
Huila,2024,II,2024-04-01,10.8,52.5,56.8
Huila,2024,III,2024-07-01,10.4,45.5,58.7
Huila,2024,IV,2024-10-01,11.3,51.3,58.6
La Guajira,2020,I,2020-01-01,14.7,44.9,75.7
La Guajira,2020,II,2020-04-01,22.4,36.5,90.8
La Guajira,2020,III,2020-07-01,18.9,36.4,83.5
La Guajira,2020,IV,2020-10-01,16.7,40.6,82.0
La Guajira,2021,I,2021-01-01,15.1,40.6,77.3
La Guajira,2021,II,2021-04-01,14.4,42.7,75.8
La Guajira,2021,III,2021-07-01,12.9,50.7,76.7
La Guajira,2021,IV,2021-10-01,14.3,49.0,72.2
La Guajira,2022,I,2022-01-01,13.5,50.2,73.0
La Guajira,2022,II,2022-04-01,12.9,49.2,69.7
La Guajira,2022,III,2022-07-01,12.1,46.2,74.7
La Guajira,2022,IV,2022-10-01,13.4,50.9,70.7
La Guajira,2023,I,2023-01-01,12.8,49.7,69.9
La Guajira,2023,II,2023-04-01,11.9,45.3,71.2
La Guajira,2023,III,2023-07-01,12.5,42.9,71.2
La Guajira,2023,IV,2023-10-01,13.3,49.6,70.8
La Guajira,2024,I,2024-01-01,12.2,47.7,69.3
La Guajira,2024,II,2024-04-01,12.4,45.6,69.5
La Guajira,2024,III,2024-07-01,11.5,50.9,74.2
La Guajira,2024,IV,2024-10-01,13.3,49.5,72.3
Magdalena,2020,I,2020-01-01,11.3,48.5,64.0
Magdalena,2020,II,2020-04-01,17.9,47.0,81.1
Magdalena,2020,III,2020-07-01,14.5,44.3,71.4
Magdalena,2020,IV,2020-10-01,12.7,48.4,69.0
Magdalena,2021,I,2021-01-01,11.6,51.6,65.4
Magdalena,2021,II,2021-04-01,10.4,54.4,65.5
Magdalena,2021,III,2021-07-01,10.2,48.7,64.6
Magdalena,2021,IV,2021-10-01,11.0,44.6,63.8
Magdalena,2022,I,2022-01-01,10.1,49.7,63.1
Magdalena,2022,II,2022-04-01,9.1,55.1,63.6
Magdalena,2022,III,2022-07-01,9.5,51.8,62.4
Magdalena,2022,IV,2022-10-01,9.8,48.4,63.9
Magdalena,2023,I,2023-01-01,9.4,54.0,61.5
Magdalena,2023,II,2023-04-01,9.2,50.2,64.3
Magdalena,2023,III,2023-07-01,9.3,47.8,61.9
Magdalena,2023,IV,2023-10-01,9.9,48.4,64.5
Magdalena,2024,I,2024-01-01,10.0,47.8,60.8
Magdalena,2024,II,2024-04-01,9.3,54.9,60.9
Magdalena,2024,III,2024-07-01,9.0,49.8,61.0
Magdalena,2024,IV,2024-10-01,9.7,52.3,60.5
Meta,2020,I,2020-01-01,13.1,43.6,54.9
Meta,2020,II,2020-04-01,19.1,37.6,66.8
Meta,2020,III,2020-07-01,15.4,47.1,58.9
Meta,2020,IV,2020-10-01,14.7,44.7,57.8
Meta,2021,I,2021-01-01,13.3,42.7,54.9
Meta,2021,II,2021-04-01,12.6,47.9,55.0
Meta,2021,III,2021-07-01,11.3,49.1,52.4
Meta,2021,IV,2021-10-01,12.2,49.0,51.2
Meta,2022,I,2022-01-01,11.4,51.5,52.2
Meta,2022,II,2022-04-01,11.0,49.6,53.7
Meta,2022,III,2022-07-01,10.8,47.5,53.9
Meta,2022,IV,2022-10-01,11.6,44.8,51.7
Meta,2023,I,2023-01-01,10.7,52.1,50.7
Meta,2023,II,2023-04-01,10.9,52.4,52.4
Meta,2023,III,2023-07-01,10.3,48.2,53.5
Meta,2023,IV,2023-10-01,11.6,46.4,52.1
Meta,2024,I,2024-01-01,11.0,49.2,52.5
Meta,2024,II,2024-04-01,10.4,50.6,52.7
Meta,2024,III,2024-07-01,10.6,54.3,50.7
Meta,2024,IV,2024-10-01,11.0,51.3,49.9
Nariño,2020,I,2020-01-01,10.6,49.8,70.9
Nariño,2020,II,2020-04-01,16.6,40.5,86.2
Nariño,2020,III,2020-07-01,14.3,50.4,80.5
Nariño,2020,IV,2020-10-01,13.4,46.5,74.5
Nariño,2021,I,2021-01-01,11.6,50.2,73.1
Nariño,2021,II,2021-04-01,10.4,46.1,72.0
Nariño,2021,III,2021-07-01,9.9,53.5,68.9
Nariño,2021,IV,2021-10-01,10.6,51.1,67.7
Nariño,2022,I,2022-01-01,9.5,50.7,68.6
Nariño,2022,II,2022-04-01,9.5,55.2,68.7
Nariño,2022,III,2022-07-01,8.7,51.0,66.7
Nariño,2022,IV,2022-10-01,10.1,50.1,66.1
Nariño,2023,I,2023-01-01,9.5,51.0,68.9
Nariño,2023,II,2023-04-01,9.5,45.5,70.3
Nariño,2023,III,2023-07-01,8.5,51.2,67.2
Nariño,2023,IV,2023-10-01,10.0,52.5,70.1
Nariño,2024,I,2024-01-01,9.0,54.6,66.1
Nariño,2024,II,2024-04-01,8.8,48.1,66.7
Nariño,2024,III,2024-07-01,8.8,47.6,65.2
Nariño,2024,IV,2024-10-01,9.5,49.1,68.6
Norte de Santander,2020,I,2020-01-01,15.5,45.8,65.4
Norte de Santander,2020,II,2020-04-01,24.6,40.3,79.7
Norte de Santander,2020,III,2020-07-01,20.1,39.8,71.3
Norte de Santander,2020,IV,2020-10-01,19.5,37.1,70.0
Norte de Santander,2021,I,2021-01-01,17.4,39.2,67.6
Norte de Santander,2021,II,2021-04-01,16.3,48.0,65.5
Norte de Santander,2021,III,2021-07-01,14.7,41.3,65.8
Norte de Santander,2021,IV,2021-10-01,16.5,43.0,63.4
Norte de Santander,2022,I,2022-01-01,14.5,41.1,64.7
Norte de Santander,2022,II,2022-04-01,13.7,50.5,63.6
Norte de Santander,2022,III,2022-07-01,13.6,46.1,63.4
Norte de Santander,2022,IV,2022-10-01,15.0,48.9,62.8
Norte de Santander,2023,I,2023-01-01,15.1,45.3,60.7
Norte de Santander,2023,II,2023-04-01,13.4,41.9,63.4
Norte de Santander,2023,III,2023-07-01,13.4,46.5,64.3
Norte de Santander,2023,IV,2023-10-01,14.7,48.2,64.1
Norte de Santander,2024,I,2024-01-01,14.3,45.8,60.5
Norte de Santander,2024,II,2024-04-01,13.8,45.8,60.9
Norte de Santander,2024,III,2024-07-01,14.0,46.1,62.7
Norte de Santander,2024,IV,2024-10-01,14.6,48.8,59.8
Putumayo,2020,I,2020-01-01,14.2,47.4,65.4
Putumayo,2020,II,2020-04-01,20.9,38.2,80.7
Putumayo,2020,III,2020-07-01,17.4,43.1,71.6
Putumayo,2020,IV,2020-10-01,16.7,45.2,71.1
Putumayo,2021,I,2021-01-01,14.8,50.2,67.1
Putumayo,2021,II,2021-04-01,13.2,49.3,64.7
Putumayo,2021,III,2021-07-01,12.5,51.6,63.6
Putumayo,2021,IV,2021-10-01,12.8,48.9,67.2
Putumayo,2022,I,2022-01-01,12.2,44.3,62.2
Putumayo,2022,II,2022-04-01,12.2,43.3,62.3
Putumayo,2022,III,2022-07-01,11.8,45.9,61.3
Putumayo,2022,IV,2022-10-01,12.1,48.6,62.6
Putumayo,2023,I,2023-01-01,12.0,47.6,64.8
Putumayo,2023,II,2023-04-01,11.4,45.2,62.3
Putumayo,2023,III,2023-07-01,11.7,44.4,61.4
Putumayo,2023,IV,2023-10-01,13.0,52.0,61.3
Putumayo,2024,I,2024-01-01,12.1,46.8,65.1
Putumayo,2024,II,2024-04-01,11.7,51.5,63.2
Putumayo,2024,III,2024-07-01,11.8,45.0,64.1
Putumayo,2024,IV,2024-10-01,11.9,48.7,63.4
Quindío,2020,I,2020-01-01,16.4,44.6,52.1
Quindío,2020,II,2020-04-01,26.5,30.8,61.8
Quindío,2020,III,2020-07-01,21.9,33.6,58.9
Quindío,2020,IV,2020-10-01,20.6,37.1,56.3
Quindío,2021,I,2021-01-01,17.9,43.4,53.4
Quindío,2021,II,2021-04-01,17.4,43.4,53.3
Quindío,2021,III,2021-07-01,15.5,44.3,51.3
Quindío,2021,IV,2021-10-01,16.4,46.6,50.4
Quindío,2022,I,2022-01-01,14.9,49.6,52.7
Quindío,2022,II,2022-04-01,15.2,47.9,50.6
Quindío,2022,III,2022-07-01,15.1,48.7,49.5
Quindío,2022,IV,2022-10-01,15.2,45.2,50.6
Quindío,2023,I,2023-01-01,14.5,44.9,50.8
Quindío,2023,II,2023-04-01,14.9,44.0,48.6
Quindío,2023,III,2023-07-01,13.7,46.4,49.4
Quindío,2023,IV,2023-10-01,15.2,42.9,51.3
Quindío,2024,I,2024-01-01,14.6,42.2,48.7
Quindío,2024,II,2024-04-01,13.8,49.5,51.8
Quindío,2024,III,2024-07-01,14.1,44.3,48.2
Quindío,2024,IV,2024-10-01,15.3,41.1,50.2
Risaralda,2020,I,2020-01-01,12.0,49.6,44.8
Risaralda,2020,II,2020-04-01,19.1,38.3,52.7
Risaralda,2020,III,2020-07-01,14.9,49.0,49.6
Risaralda,2020,IV,2020-10-01,14.0,48.1,49.8
Risaralda,2021,I,2021-01-01,12.8,45.9,45.5
Risaralda,2021,II,2021-04-01,11.4,44.7,44.3
Risaralda,2021,III,2021-07-01,10.9,53.2,45.8
Risaralda,2021,IV,2021-10-01,11.6,47.8,43.6
Risaralda,2022,I,2022-01-01,10.6,52.6,45.7
Risaralda,2022,II,2022-04-01,10.3,54.0,43.1
Risaralda,2022,III,2022-07-01,10.1,51.7,44.6
Risaralda,2022,IV,2022-10-01,11.4,49.2,44.5
Risaralda,2023,I,2023-01-01,10.2,46.2,44.2
Risaralda,2023,II,2023-04-01,10.6,49.5,45.4
Risaralda,2023,III,2023-07-01,9.6,46.4,44.1
Risaralda,2023,IV,2023-10-01,10.3,48.7,43.3
Risaralda,2024,I,2024-01-01,9.8,54.5,41.9
Risaralda,2024,II,2024-04-01,9.8,46.9,44.0
Risaralda,2024,III,2024-07-01,9.8,54.0,44.1
Risaralda,2024,IV,2024-10-01,10.4,53.4,43.5
Santander,2020,I,2020-01-01,9.9,48.4,51.1
Santander,2020,II,2020-04-01,14.2,48.2,62.5
Santander,2020,III,2020-07-01,11.7,51.6,55.3
Santander,2020,IV,2020-10-01,11.0,51.8,54.6
Santander,2021,I,2021-01-01,10.1,48.3,51.7
Santander,2021,II,2021-04-01,9.7,54.1,49.3
Santander,2021,III,2021-07-01,8.5,53.1,50.5
Santander,2021,IV,2021-10-01,9.2,49.7,51.3
Santander,2022,I,2022-01-01,8.6,50.5,48.7
Santander,2022,II,2022-04-01,8.3,55.6,48.1
Santander,2022,III,2022-07-01,8.4,49.1,50.0
Santander,2022,IV,2022-10-01,9.2,47.3,48.1
Santander,2023,I,2023-01-01,8.9,52.6,47.5
Santander,2023,II,2023-04-01,7.9,54.6,49.0
Santander,2023,III,2023-07-01,8.2,56.2,49.3
Santander,2023,IV,2023-10-01,9.0,50.5,46.7
Santander,2024,I,2024-01-01,8.3,53.6,48.3
Santander,2024,II,2024-04-01,7.6,57.0,47.4
Santander,2024,III,2024-07-01,7.7,49.6,46.3
Santander,2024,IV,2024-10-01,8.2,50.2,48.7
Sucre,2020,I,2020-01-01,11.1,47.1,66.8
Sucre,2020,II,2020-04-01,16.4,41.2,82.5
Sucre,2020,III,2020-07-01,13.0,46.4,75.9
Sucre,2020,IV,2020-10-01,13.1,51.6,72.8
Sucre,2021,I,2021-01-01,11.6,48.0,68.9
Sucre,2021,II,2021-04-01,10.1,53.6,68.5
Sucre,2021,III,2021-07-01,9.9,49.4,66.1
Sucre,2021,IV,2021-10-01,10.3,46.3,65.6
Sucre,2022,I,2022-01-01,9.4,47.2,65.1
Sucre,2022,II,2022-04-01,9.2,49.7,68.8
Sucre,2022,III,2022-07-01,9.5,51.3,66.5
Sucre,2022,IV,2022-10-01,9.9,52.0,67.6
Sucre,2023,I,2023-01-01,9.1,49.4,63.6
Sucre,2023,II,2023-04-01,9.0,52.8,67.5
Sucre,2023,III,2023-07-01,8.7,52.2,65.9
Sucre,2023,IV,2023-10-01,9.3,49.2,64.4
Sucre,2024,I,2024-01-01,8.9,46.5,67.9
Sucre,2024,II,2024-04-01,8.9,53.7,65.3
Sucre,2024,III,2024-07-01,8.8,48.3,64.3
Sucre,2024,IV,2024-10-01,9.2,46.7,67.6
Tolima,2020,I,2020-01-01,14.0,44.1,60.2
Tolima,2020,II,2020-04-01,21.9,34.3,74.7
Tolima,2020,III,2020-07-01,16.7,45.9,66.0
Tolima,2020,IV,2020-10-01,16.6,48.2,65.4
Tolima,2021,I,2021-01-01,14.7,47.9,59.9
Tolima,2021,II,2021-04-01,13.7,46.7,59.2
Tolima,2021,III,2021-07-01,12.6,51.3,61.1
Tolima,2021,IV,2021-10-01,13.4,47.2,61.6
Tolima,2022,I,2022-01-01,12.8,50.1,57.9
Tolima,2022,II,2022-04-01,11.8,52.3,57.0
Tolima,2022,III,2022-07-01,11.4,46.1,58.3
Tolima,2022,IV,2022-10-01,12.2,45.9,60.2
Tolima,2023,I,2023-01-01,12.0,49.2,57.1
Tolima,2023,II,2023-04-01,11.7,52.0,56.1
Tolima,2023,III,2023-07-01,11.6,52.0,59.1
Tolima,2023,IV,2023-10-01,12.5,44.9,57.4
Tolima,2024,I,2024-01-01,12.4,52.0,55.8
Tolima,2024,II,2024-04-01,11.4,51.2,55.7
Tolima,2024,III,2024-07-01,11.1,45.0,57.4
Tolima,2024,IV,2024-10-01,12.0,44.9,59.5
Valle del Cauca,2020,I,2020-01-01,13.6,44.4,46.7
Valle del Cauca,2020,II,2020-04-01,21.6,42.7,56.9
Valle del Cauca,2020,III,2020-07-01,17.5,43.1,51.3
Valle del Cauca,2020,IV,2020-10-01,17.3,42.0,49.7
Valle del Cauca,2021,I,2021-01-01,15.3,43.2,45.0
Valle del Cauca,2021,II,2021-04-01,14.4,46.7,46.0
Valle del Cauca,2021,III,2021-07-01,12.8,43.7,45.5
Valle del Cauca,2021,IV,2021-10-01,13.1,47.6,44.5
Valle del Cauca,2022,I,2022-01-01,12.6,52.3,45.9
Valle del Cauca,2022,II,2022-04-01,12.7,46.1,44.4
Valle del Cauca,2022,III,2022-07-01,11.6,51.4,45.3
Valle del Cauca,2022,IV,2022-10-01,12.4,48.2,46.2
Valle del Cauca,2023,I,2023-01-01,13.1,43.6,44.7
Valle del Cauca,2023,II,2023-04-01,11.8,48.5,45.3
Valle del Cauca,2023,III,2023-07-01,11.3,44.5,45.4
Valle del Cauca,2023,IV,2023-10-01,12.5,43.9,43.6
Valle del Cauca,2024,I,2024-01-01,11.8,50.1,43.7
Valle del Cauca,2024,II,2024-04-01,11.3,45.3,45.7
Valle del Cauca,2024,III,2024-07-01,12.1,50.2,44.7
Valle del Cauca,2024,IV,2024-10-01,12.4,48.1,44.7
